Date (m/d/y),Julian Date,Year,Start Time,End Time,,Last Covered On,Exposure Time,Exposure Time (Hr),Exposure Time (min),Low Tide Height,Low Tide Time,Ditance From Shore, DC of (15 ) quadrats,Relative DC,End Time,Dropping Density ,Relative Dropping density (droppings/m2),Droppings/min/m2,Relative Droppings Density Per Unit Time (droppings/m2/min),Proportion Wesa to LESA,Age,Cumulative,
2008-07-09,191,2008,14:52:00,14:54:00,0,02:00:00,12:52:00,12.8666666666667,772,,,550,0,,,0,,0,,,Adult,0,
2008-07-09,191,2008,14:48:00,14:50:00,0,02:00:00,12:48:00,12.8,768,,,500,0,,,0,,0,,,Adult,0,
2008-07-09,191,2008,14:45:00,14:47:00,0,01:00:00,13:45:00,13.75,825,,,450,0,,,0,,0,,,Adult,0,
2008-07-09,191,2008,14:41:00,14:43:00,0,01:00:00,13:41:00,13.6833333333333,821,,,400,0,,,0,,0,,,Adult,0,
2008-07-09,191,2008,14:36:00,14:40:00,0,01:00:00,13:36:00,13.6,816,,,350,2,,,0.133333333333333,,0.000163398692810458,,,Adult,0.00401898590052781,
2008-07-09,191,2008,14:32:00,14:35:00,0,01:00:00,13:32:00,13.5333333333333,812,,,300,3,,,0.2,,0.000246305418719212,,,Adult,0.0060581757909434,
2008-07-09,191,2008,14:26:00,14:30:00,0,01:00:00,13:26:00,13.4333333333333,806,,,250,4,,,0.266666666666667,,0.00033085194375517,,,Adult,0.00813769849833919,
2008-07-09,191,2008,14:23:00,14:25:00,0,01:00:00,13:23:00,13.3833333333333,803,,,200,10,,,0.666666666666667,,0.0008302200083022,,,Adult,0.0204202521471401,
2008-07-09,191,2008,14:19:00,14:21:00,0,01:00:00,13:19:00,13.3166666666667,799,,,150,5,,,0.333333333333333,,0.000417188151856487,,,Adult,0.0102612405970923,
2008-07-09,191,2008,14:10:00,14:16:00,0,00:00:00,14:10:00,14.1666666666667,850,,,100,12,,,0.8,,0.000941176470588235,,,Adult,0.0231493587870402,
2008-07-09,191,2008,14:01:00,14:05:00,0,00:00:00,14:01:00,14.0166666666667,841,,,50,12,,,0.8,,0.000951248513674197,,,Adult,0.0233970927098504,
2008-07-09,191,2008,13:54:00,13:59:00,0,00:00:00,13:54:00,13.9,834,,,0,2,,,0.133333333333333,,0.000159872102318145,,,Adult,0.00393224519763872,
2008-07-10,192,2008,10:48:00,,0,04:00:00,06:48:00,6.8,408,,,1400,0,,,0,,0,,,Adult,0,
2008-07-10,192,2008,10:49:00,,0,04:00:00,06:49:00,6.81666666666667,409,,,1300,0,,,0,,0,,,Adult,0,
2008-07-10,192,2008,10:51:00,,0,04:00:00,06:51:00,6.85,411,,,1200,0,,,0,,0,,,Adult,0,
2008-07-10,192,2008,10:52:00,,0,04:00:00,06:52:00,6.86666666666667,412,,,1100,0,,,0,,0,,,Adult,0,
2008-07-10,192,2008,10:54:00,,0,03:00:00,07:54:00,7.9,474,,,1000,0,,,0,,0,,,Adult,0,
2008-07-10,192,2008,10:56:00,,0,03:00:00,07:56:00,7.93333333333333,476,,,900,0,,,0,,0,,,Adult,0,
2008-07-10,192,2008,10:58:00,,0,03:00:00,07:58:00,7.96666666666667,478,,,800,0,,,0,,0,,,Adult,0,
2008-07-10,192,2008,11:00:00,,0,02:00:00,09:00:00,9,540,,,700,0,,,0,,0,,,Adult,0,
2008-07-10,192,2008,11:01:00,,0,02:00:00,09:01:00,9.01666666666667,541,,,600,0,,,0,,0,,,Adult,0,
2008-07-10,192,2008,11:02:00,,0,02:00:00,09:02:00,9.03333333333333,542,,,550,0,,,0,,0,,,Adult,0,
2008-07-10,192,2008,11:03:00,,0,02:00:00,09:03:00,9.05,543,,,500,0,,,0,,0,,,Adult,0,
2008-07-10,192,2008,11:04:00,,0,02:00:00,09:04:00,9.06666666666667,544,,,450,0,,,0,,0,,,Adult,0,
2008-07-10,192,2008,11:05:00,,0,02:00:00,09:05:00,9.08333333333333,545,,,400,0,,,0,,0,,,Adult,0,
2008-07-10,192,2008,11:06:00,,0,01:00:00,10:06:00,10.1,606,,,350,0,,,0,,0,,,Adult,0,
2008-07-10,192,2008,11:07:00,11:09:00,0,01:00:00,10:07:00,10.1166666666667,607,,,300,0,,,0,,0,,,Adult,0,
2008-07-10,192,2008,11:04:00,,0,01:00:00,10:04:00,10.0666666666667,604,,,250,0,,,0,,0,,,Adult,0,
2008-07-10,192,2008,10:58:00,,0,01:00:00,09:58:00,9.96666666666667,598,,,200,1,,,0.0666666666666667,,0.000111482720178372,,,Adult,0.00274205058096212,
2008-07-10,192,2008,10:50:00,,0,01:00:00,09:50:00,9.83333333333333,590,,,150,0,,,0,,0,,,Adult,0,
2008-07-10,192,2008,10:43:00,,0,01:00:00,09:43:00,9.71666666666667,583,,,100,5,,,0.333333333333333,,0.000571755288736421,,,Adult,0.0140630038371814,
2008-07-10,192,2008,10:36:00,,0,01:00:00,09:36:00,9.6,576,,,50,4,,,0.266666666666667,,0.000462962962962963,,,Adult,0.0113871267181621,
2008-07-10,192,2008,10:30:00,,0,00:00:00,10:30:00,10.5,630,,,0,4,,,0.266666666666667,,0.000423280423280423,,,Adult,0.0104110872851768,
2008-07-11,193,2008,10:56:00,,0,03:00:00,07:56:00,7.93333333333333,476,,,700,0,,,0,,0,,,Adult,0,
2008-07-11,193,2008,10:58:00,,0,03:00:00,07:58:00,7.96666666666667,478,,,600,0,,,0,,0,,,Adult,0,
2008-07-11,193,2008,10:59:00,,0,02:00:00,08:59:00,8.98333333333333,539,,,550,0,,,0,,0,,,Adult,0,
2008-07-11,193,2008,11:01:00,,0,02:00:00,09:01:00,9.01666666666667,541,,,500,0,,,0,,0,,,Adult,0,
2008-07-11,193,2008,11:03:00,11:13:00,0,02:00:00,09:03:00,9.05,543,,,450,28,,,1.86666666666667,,0.00343769183548189,,,Adult,0.0845541343050271,
2008-07-11,193,2008,11:15:00,11:18:00,0,02:00:00,09:15:00,9.25,555,,,400,0,,,0,,0,,,Adult,0,
2008-07-11,193,2008,11:20:00,11:23:00,0,02:00:00,09:20:00,9.33333333333333,560,,,350,0,,,0,,0,,,Adult,0,
2008-07-11,193,2008,11:25:00,11:28:00,0,01:00:00,10:25:00,10.4166666666667,625,,,300,2,,,0.133333333333333,,0.000213333333333333,,,Adult,0.00524718799172911,
2008-07-11,193,2008,11:30:00,11:39:00,0,01:00:00,10:30:00,10.5,630,,,250,3,,,0.2,,0.000317460317460317,,,Adult,0.0078083154638826,
2008-07-11,193,2008,11:41:00,11:44:00,0,01:00:00,10:41:00,10.6833333333333,641,,,200,5,,,0.333333333333333,,0.000520020800832033,,,Adult,0.0127905323511337,
2008-07-11,193,2008,11:45:00,11:48:00,0,01:00:00,10:45:00,10.75,645,,,150,1,,,0.0666666666666667,,0.000103359173126615,,,Adult,0.0025422422440548,
2008-07-11,193,2008,11:49:00,11:52:00,0,01:00:00,10:49:00,10.8166666666667,649,,,100,1,,,0.0666666666666667,,0.000102722136620442,,,Adult,0.00252657357074784,
2008-07-11,193,2008,11:53:00,11:56:00,0,01:00:00,10:53:00,10.8833333333333,653,,,50,3,,,0.2,,0.000306278713629403,,,Adult,0.00753329057005519,
2008-07-11,193,2008,11:57:00,12:00:00,0,00:00:00,11:57:00,11.95,717,,,0,0,,,0,,0,,,Adult,0,
2008-07-13,195,2008,13:43:00,,0,04:00:00,09:43:00,9.71666666666667,583,,,800,0,,,0,,0,,,Adult,0,
2008-07-13,195,2008,13:45:00,,0,04:00:00,09:45:00,9.75,585,,,700,0,,,0,,0,,,Adult,0,
2008-07-13,195,2008,13:47:00,,0,03:00:00,10:47:00,10.7833333333333,647,,,600,0,,,0,,0,,,Adult,0,
2008-07-13,195,2008,13:48:00,,0,03:00:00,10:48:00,10.8,648,,,550,0,,,0,,0,,,Adult,0,
2008-07-13,195,2008,13:50:00,,0,03:00:00,10:50:00,10.8333333333333,650,,,500,0,,,0,,0,,,Adult,0,
2008-07-13,195,2008,13:53:00,,0,03:00:00,10:53:00,10.8833333333333,653,,,450,0,,,0,,0,,,Adult,0,
2008-07-13,195,2008,13:55:00,,0,03:00:00,10:55:00,10.9166666666667,655,,,400,0,,,0,,0,,,Adult,0,
2008-07-13,195,2008,13:58:00,,0,02:00:00,11:58:00,11.9666666666667,718,,,350,0,,,0,,0,,,Adult,0,
2008-07-13,195,2008,13:59:00,,0,02:00:00,11:59:00,11.9833333333333,719,,,300,0,,,0,,0,,,Adult,0,
2008-07-13,195,2008,14:02:00,,0,02:00:00,12:02:00,12.0333333333333,722,,,250,1,,,0.0666666666666667,,0.0000923361034164358,,,Adult,0.00227111668617084,
2008-07-13,195,2008,14:08:00,,0,01:00:00,13:08:00,13.1333333333333,788,,,200,23,,,1.53333333333333,,0.00194585448392555,,,Adult,0.0478606138204987,
2008-07-13,195,2008,14:14:00,,24,01:00:00,13:14:00,37.2333333333333,2234,,,150,0,,,0,,0,,,Adult,0,
2008-07-13,195,2008,14:19:00,,48,01:00:00,13:19:00,61.3166666666667,3679,,,100,5,,,0.333333333333333,,0.0000906043308870164,,,Adult,0.00222852167357345,
2008-07-13,195,2008,14:24:00,,48,01:00:00,13:24:00,61.4,3684,,,50,0,,,0,,0,,,Adult,0,
2008-07-13,195,2008,14:28:00,,48,00:00:00,14:28:00,62.4666666666667,3748,,,0,2,,,0.133333333333333,,0.0000355745286374956,,,Adult,0.000874997997553547,
2008-07-14,196,2008,14:16:00,,0,04:00:00,10:16:00,10.2666666666667,616,,,800,0,,,0,,0,,,Adult,0,
2008-07-14,196,2008,14:18:00,,0,04:00:00,10:18:00,10.3,618,,,700,0,,,0,,0,,,Adult,0,
2008-07-14,196,2008,14:20:00,,0,04:00:00,10:20:00,10.3333333333333,620,,,600,0,,,0,,0,,,Adult,0,
2008-07-14,196,2008,14:21:00,,0,04:00:00,10:21:00,10.35,621,,,550,0,,,0,,0,,,Adult,0,
2008-07-14,196,2008,14:22:00,,0,04:00:00,10:22:00,10.3666666666667,622,,,500,0,,,0,,0,,,Adult,0,
2008-07-14,196,2008,14:24:00,,0,03:00:00,11:24:00,11.4,684,,,450,0,,,0,,0,,,Adult,0,
2008-07-14,196,2008,14:25:00,,0,03:00:00,11:25:00,11.4166666666667,685,,,400,0,,,0,,0,,,Adult,0,
2008-07-14,196,2008,14:26:00,,0,03:00:00,11:26:00,11.4333333333333,686,,,350,0,,,0,,0,,,Adult,0,
2008-07-14,196,2008,14:27:00,14:30:00,0,02:00:00,12:27:00,12.45,747,,,300,1,,,0.0666666666666667,,0.0000892458723784025,,,Adult,0.00219510876494692,
2008-07-14,196,2008,14:32:00,,0,02:00:00,12:32:00,12.5333333333333,752,,,250,15,,,1,,0.00132978723404255,,,Adult,0.0327077044032316,
2008-07-14,196,2008,14:27:00,,24,19:00:00,-04:33:00,19.45,1167,,,200,23,,,1.53333333333333,,0.00131391031133962,,,Adult,0.032317192536892,
2008-07-14,196,2008,14:22:00,,24,18:00:00,-03:38:00,20.3666666666667,1222,,,150,3,,,0.2,,0.00016366612111293,,,Adult,0.00402556361885928,
2008-07-14,196,2008,14:15:00,,24,18:00:00,-03:45:00,20.25,1215,,,100,3,,,0.2,,0.000164609053497942,,,Adult,0.00404875616645765,
2008-07-14,196,2008,14:10:00,,72,01:00:00,13:10:00,85.1666666666667,5110,,,50,5,,,0.333333333333333,,0.0000652315720808871,,,Adult,0.00160444838298958,
2008-07-14,196,2008,14:00:00,,72,00:00:00,14:00:00,86,5160,,,0,3,,,0.2,,0.0000387596899224806,,,Adult,0.00095334084152055,
2008-07-15,197,2008,14:48:00,,0,05:00:00,09:48:00,9.8,588,,,800,0,,,0,,0,,,Adult,0,
2008-07-15,197,2008,14:52:00,,0,05:00:00,09:52:00,9.86666666666667,592,,,700,0,,,0,,0,,,Adult,0,
2008-07-15,197,2008,14:54:00,,0,05:00:00,09:54:00,9.9,594,,,600,0,,,0,,0,,,Adult,0,
2008-07-15,197,2008,14:56:00,,0,04:00:00,10:56:00,10.9333333333333,656,,,550,0,,,0,,0,,,Adult,0,
2008-07-15,197,2008,14:57:00,,0,04:00:00,10:57:00,10.95,657,,,500,0,,,0,,0,,,Adult,0,
2008-07-15,197,2008,14:59:00,,0,04:00:00,10:59:00,10.9833333333333,659,,,450,0,,,0,,0,,,Adult,0,
2008-07-15,197,2008,15:00:00,,0,04:00:00,11:00:00,11,660,,,400,0,,,0,,0,,,Adult,0,
2008-07-15,197,2008,15:02:00,,0,04:00:00,11:02:00,11.0333333333333,662,,,350,0,,,0,,0,,,Adult,0,
2008-07-15,197,2008,15:04:00,,0,03:00:00,12:04:00,12.0666666666667,724,,,300,0,,,0,,0,,,Adult,0,
2008-07-15,197,2008,15:06:00,,0,03:00:00,12:06:00,12.1,726,,,250,10,,,0.666666666666667,,0.000918273645546373,,,Adult,0.0225860364657761,
2008-07-15,197,2008,15:02:00,,24,20:00:00,-04:58:00,19.0333333333333,1142,,,200,15,,,1,,0.000875656742556918,,,Adult,0.0215378228644748,
2008-07-15,197,2008,14:56:00,,24,19:00:00,-04:04:00,19.9333333333333,1196,,,150,0,,,0,,0,,,Adult,0,
2008-07-15,197,2008,14:50:00,,24,19:00:00,-04:10:00,19.8333333333333,1190,,,100,9,,,0.6,,0.000504201680672269,,,Adult,0.012401442207343,
2008-07-15,197,2008,14:45:00,,24,19:00:00,-04:15:00,19.75,1185,,,50,0,,,0,,0,,,Adult,0,
2008-07-15,197,2008,14:40:00,,96,00:00:00,14:40:00,110.666666666667,6640,,,0,2,,,0.133333333333333,,0.0000200803212851406,,,Adult,0.000493899472113056,
2008-07-16,198,2008,15:49:00,,0,06:00:00,09:49:00,9.81666666666667,589,,,800,0,,,0,,0,,,Adult,0,
2008-07-16,198,2008,15:51:00,,0,06:00:00,09:51:00,9.85,591,,,700,0,,,0,,0,,,Adult,0,
2008-07-16,198,2008,15:54:00,,0,05:00:00,10:54:00,10.9,654,,,600,0,,,0,,0,,,Adult,0,
2008-07-16,198,2008,15:55:00,,0,05:00:00,10:55:00,10.9166666666667,655,,,550,0,,,0,,0,,,Adult,0,
2008-07-16,198,2008,15:57:00,,0,05:00:00,10:57:00,10.95,657,,,500,0,,,0,,0,,,Adult,0,
2008-07-16,198,2008,15:58:00,,0,05:00:00,10:58:00,10.9666666666667,658,,,450,0,,,0,,0,,,Adult,0,
2008-07-16,198,2008,15:59:00,,0,05:00:00,10:59:00,10.9833333333333,659,,,400,0,,,0,,0,,,Adult,0,
2008-07-16,198,2008,16:01:00,,0,04:00:00,12:01:00,12.0166666666667,721,,,350,0,,,0,,0,,,Adult,0,
2008-07-16,198,2008,16:03:00,,0,04:00:00,12:03:00,12.05,723,,,300,2,,,0.133333333333333,,0.000184416781927155,,,Adult,0.00453595089188201,
2008-07-16,198,2008,16:03:00,,0,04:00:00,12:03:00,12.05,723,,,250,5,,,0.333333333333333,,0.000461041954817888,,,Adult,0.011339877229705,
2008-07-16,198,2008,15:57:00,,0,03:00:00,12:57:00,12.95,777,,,200,16,,,1.06666666666667,,0.00137280137280137,,,Adult,0.0337656884924653,
2008-07-16,198,2008,15:54:00,,24,20:00:00,-04:06:00,19.9,1194,,,150,1,,,0.0666666666666667,,0.0000558347292015634,,,Adult,0.00137332181525573,
2008-07-16,198,2008,15:49:00,,24,20:00:00,-04:11:00,19.8166666666667,1189,,,100,2,,,0.133333333333333,,0.000112139052425007,,,Adult,0.00275819385603927,
2008-07-16,198,2008,15:45:00,,24,20:00:00,-04:15:00,19.75,1185,,,50,3,,,0.2,,0.000168776371308017,,,Adult,0.0041512563225705,
2008-07-16,198,2008,15:40:00,,24,19:00:00,-03:20:00,20.6666666666667,1240,,,0,3,,,0.2,,0.000161290322580645,,,Adult,0.00396712801794035,
2008-07-20,202,2008,09:20:00,,24,22:00:00,-12:40:00,11.3333333333333,680,,,0,0,,,0,,0,,,Adult,0,
2008-07-20,202,2008,09:23:00,,24,22:00:00,-12:37:00,11.3833333333333,683,,,50,2,,,0.133333333333333,,0.000195217179111762,,,Adult,0.00480159955319281,
2008-07-20,202,2008,09:27:00,,24,22:00:00,-12:33:00,11.45,687,,,100,0,,,0,,0,,,Adult,0,
2008-07-20,202,2008,09:31:00,,24,22:00:00,-12:29:00,11.5166666666667,691,,,150,0,,,0,,0,,,Adult,0,
2008-07-20,202,2008,09:37:00,,24,23:00:00,-13:23:00,10.6166666666667,637,,,200,0,,,0,,0,,,Adult,0,
2008-07-20,202,2008,09:43:00,,0,07:00:00,02:43:00,2.71666666666667,163,,,250,0,,,0,,0,,,Adult,0,
2008-07-20,202,2008,09:49:00,,0,07:00:00,02:49:00,2.81666666666667,169,,,300,0,,,0,,0,,,Adult,0,
2008-07-20,202,2008,09:53:00,,0,07:00:00,02:53:00,2.88333333333333,173,,,350,0,,,0,,0,,,Adult,0,
2008-07-20,202,2008,09:59:00,,0,07:00:00,02:59:00,2.98333333333333,179,,,400,0,,,0,,0,,,Adult,0,
2008-07-20,202,2008,10:05:00,,0,07:00:00,03:05:00,3.08333333333333,185,,,450,0,,,0,,0,,,Adult,0,
2008-07-20,202,2008,10:11:00,,0,08:00:00,02:11:00,2.18333333333333,131,,,500,0,,,0,,0,,,Adult,0,
2008-07-20,202,2008,10:16:00,,0,08:00:00,02:16:00,2.26666666666667,136,,,550,0,,,0,,0,,,Adult,0,
2008-07-20,202,2008,10:21:00,,0,08:00:00,02:21:00,2.35,141,,,600,0,,,0,,0,,,Adult,0,
2008-07-21,203,2008,09:07:00,,24,22:00:00,-12:53:00,11.1166666666667,667,,,0,1,,,0.0666666666666667,,0.0000999500249875062,,,Adult,0.002458390176035,
2008-07-21,203,2008,09:10:00,,24,22:00:00,-12:50:00,11.1666666666667,670,,,50,0,,,0,,0,,,Adult,0,
2008-07-21,203,2008,09:13:00,,24,22:00:00,-12:47:00,11.2166666666667,673,,,100,0,,,0,,0,,,Adult,0,
2008-07-21,203,2008,09:16:00,,24,23:00:00,-13:44:00,10.2666666666667,616,,,150,0,,,0,,0,,,Adult,0,
2008-07-21,203,2008,09:20:00,,24,23:00:00,-13:40:00,10.3333333333333,620,,,200,3,,,0.2,,0.00032258064516129,,,Adult,0.00793425603588071,
2008-07-21,203,2008,09:26:00,,24,23:00:00,-13:34:00,10.4333333333333,626,,,250,2,,,0.133333333333333,,0.000212992545260916,,,Adult,0.00523880590228545,
2008-07-21,203,2008,09:31:00,,24,23:00:00,-13:29:00,10.5166666666667,631,,,300,0,,,0,,0,,,Adult,0,
2008-07-21,203,2008,10:12:00,,0,08:00:00,02:12:00,2.2,132,,,350,0,,,0,,0,,,Adult,0,
2008-07-21,203,2008,10:13:00,,0,08:00:00,02:13:00,2.21666666666667,133,,,400,0,,,0,,0,,,Adult,0,
2008-07-21,203,2008,10:15:00,,0,08:00:00,02:15:00,2.25,135,,,450,0,,,0,,0,,,Adult,0,
2008-07-21,203,2008,10:16:00,,0,08:00:00,02:16:00,2.26666666666667,136,,,500,0,,,0,,0,,,Adult,0,
2008-07-21,203,2008,10:17:00,,0,09:00:00,01:17:00,1.28333333333333,77,,,550,0,,,0,,0,,,Adult,0,
2008-07-21,203,2008,10:18:00,,0,09:00:00,01:18:00,1.3,78,,,600,0,,,0,,0,,,Adult,0,
2008-07-21,203,2008,10:21:00,,0,09:00:00,01:21:00,1.35,81,,,700,0,,,0,,0,,,Adult,0,
2008-07-21,203,2008,10:23:00,,0,09:00:00,01:23:00,1.38333333333333,83,,,800,0,,,0,,0,,,Adult,0,
2008-07-21,203,2008,10:24:00,,0,10:00:00,00:24:00,0.4,24,,,900,0,,,0,,0,,,Adult,0,
2008-07-22,204,2008,11:20:00,,0,10:00:00,01:20:00,1.33333333333333,80,,,900,0,,,0,,0,,,Adult,0,
2008-07-22,204,2008,11:23:00,,0,10:00:00,01:23:00,1.38333333333333,83,,,800,0,,,0,,0,,,Adult,0,
2008-07-22,204,2008,11:24:00,,0,10:00:00,01:24:00,1.4,84,,,700,0,,,0,,0,,,Adult,0,
2008-07-22,204,2008,11:27:00,,0,09:00:00,02:27:00,2.45,147,,,600,0,,,0,,0,,,Adult,0,
2008-07-22,204,2008,11:28:00,,0,09:00:00,02:28:00,2.46666666666667,148,,,550,0,,,0,,0,,,Adult,0,
2008-07-22,204,2008,11:29:00,,0,09:00:00,02:29:00,2.48333333333333,149,,,500,0,,,0,,0,,,Adult,0,
2008-07-22,204,2008,11:31:00,,0,08:00:00,03:31:00,3.51666666666667,211,,,450,6,,,0.4,,0.0018957345971564,,,Adult,0.0466278553767397,
2008-07-22,204,2008,11:36:00,,0,08:00:00,03:36:00,3.6,216,,,400,0,,,0,,0,,,Adult,0,
2008-07-22,204,2008,11:41:00,,0,00:00:00,11:41:00,11.6833333333333,701,,,350,0,,,0,,0,,,Adult,0,
2008-07-22,204,2008,11:43:00,,24,23:00:00,-11:17:00,12.7166666666667,763,,,300,10,,,0.666666666666667,,0.000873743993010048,,,Adult,0.0214907765060989,
2008-07-22,204,2008,11:49:00,,24,23:00:00,-11:11:00,12.8166666666667,769,,,250,16,,,1.06666666666667,,0.00138708279150412,,,Adult,0.0341169570333492,
2008-07-22,204,2008,11:53:00,,24,23:00:00,-11:07:00,12.8833333333333,773,,,200,28,,,1.86666666666667,,0.00241483398016386,,,Adult,0.0593957243565714,
2008-07-22,204,2008,12:01:00,,24,23:00:00,-10:59:00,13.0166666666667,781,,,150,2,,,0.133333333333333,,0.000170721297481861,,,Adult,0.00419909410349641,
2008-07-22,204,2008,12:04:00,,24,23:00:00,-10:56:00,13.0666666666667,784,,,100,6,,,0.4,,0.000510204081632653,,,Adult,0.012549078424097,
2008-07-22,204,2008,12:07:00,,24,23:00:00,-10:53:00,13.1166666666667,787,,,50,10,,,0.666666666666667,,0.000847098686997035,,,Adult,0.0208354033979078,
2008-07-22,204,2008,12:12:00,,24,22:00:00,-09:48:00,14.2,852,,,0,0,,,0,,0,,,Adult,0,
2008-07-23,205,2008,12:33:00,,0,11:00:00,01:33:00,1.55,93,,,900,0,,,0,,0,,,Adult,0,
2008-07-23,205,2008,12:36:00,,0,11:00:00,01:36:00,1.6,96,,,800,1,,,0.0666666666666667,,0.000694444444444444,,,Adult,0.0170806900772432,
2008-07-23,205,2008,12:42:00,,0,10:00:00,02:42:00,2.7,162,,,700,0,,,0,,0,,,Adult,0,
2008-07-23,205,2008,12:45:00,,0,10:00:00,02:45:00,2.75,165,,,600,0,,,0,,0,,,Adult,0,
2008-07-23,205,2008,12:46:00,,0,10:00:00,02:46:00,2.76666666666667,166,,,550,0,,,0,,0,,,Adult,0,
2008-07-23,205,2008,12:48:00,,0,00:00:00,12:48:00,12.8,768,,,500,0,,,0,,0,,,Adult,0,
2008-07-23,205,2008,12:50:00,,0,00:00:00,12:50:00,12.8333333333333,770,,,450,0,,,0,,0,,,Adult,0,
2008-07-23,205,2008,12:52:00,,0,00:00:00,12:52:00,12.8666666666667,772,,,400,4,,,0.266666666666667,,0.000345423143350604,,,Adult,0.0084960945461935,
2008-07-23,205,2008,12:57:00,,0,00:00:00,12:57:00,12.95,777,,,350,0,,,0,,0,,,Adult,0,
2008-07-23,205,2008,12:59:00,,0,00:00:00,12:59:00,12.9833333333333,779,,,300,1,,,0.0666666666666667,,0.0000855798031664527,,,Adult,0.00210493741645102,
2008-07-23,205,2008,13:03:00,,24,23:00:00,-09:57:00,14.05,843,,,250,7,,,0.466666666666667,,0.00055357848952155,,,Adult,0.0136159237626423,
2008-07-23,205,2008,13:10:00,,24,23:00:00,-09:50:00,14.1666666666667,850,,,200,4,,,0.266666666666667,,0.000313725490196078,,,Adult,0.00771645292901339,
2008-07-23,205,2008,13:14:00,,24,23:00:00,-09:46:00,14.2333333333333,854,,,150,5,,,0.333333333333333,,0.00039032006245121,,,Adult,0.00960038786542943,
2008-07-23,205,2008,13:18:00,,24,23:00:00,-09:42:00,14.3,858,,,100,6,,,0.4,,0.000466200466200466,,,Adult,0.0114667569749325,
2008-07-23,205,2008,13:22:00,,24,23:00:00,-09:38:00,14.3666666666667,862,,,50,2,,,0.133333333333333,,0.000154679040989946,,,Adult,0.00380451565525602,
2008-07-23,205,2008,13:25:00,,24,23:00:00,-09:35:00,14.4166666666667,865,,,0,0,,,0,,0,,,Adult,0,
2008-07-24,206,2008,12:05:00,,24,23:00:00,-10:55:00,13.0833333333333,785,,,0,0,,,0,,0,,,Adult,0,
2008-07-24,206,2008,12:09:00,,24,23:00:00,-10:51:00,13.15,789,,,50,0,,,0,,0,,,Adult,0,
2008-07-24,206,2008,12:12:00,,24,23:00:00,-10:48:00,13.2,792,,,100,0,,,0,,0,,,Adult,0,
2008-07-24,206,2008,12:16:00,,0,00:00:00,12:16:00,12.2666666666667,736,,,150,0,,,0,,0,,,Adult,0,
2008-07-24,206,2008,12:19:00,,0,00:00:00,12:19:00,12.3166666666667,739,,,200,0,,,0,,0,,,Adult,0,
2008-07-24,206,2008,12:23:00,,0,00:00:00,12:23:00,12.3833333333333,743,,,250,0,,,0,,0,,,Adult,0,
2008-07-24,206,2008,12:30:00,,0,00:00:00,12:30:00,12.5,750,,,300,0,,,0,,0,,,Adult,0,
2008-07-24,206,2008,12:34:00,,0,00:00:00,12:34:00,12.5666666666667,754,,,350,8,,,0.533333333333333,,0.000707338638373121,,,Adult,0.0173978381688631,
2008-07-24,206,2008,12:38:00,,0,00:00:00,12:38:00,12.6333333333333,758,,,400,18,,,1.2,,0.00158311345646438,,,Adult,0.0389385652420531,
2008-07-24,206,2008,12:42:00,,0,00:00:00,12:42:00,12.7,762,,,450,0,,,0,,0,,,Adult,0,
2008-07-24,206,2008,12:45:00,,0,01:00:00,11:45:00,11.75,705,,,500,1,,,0.0666666666666667,,0.0000945626477541371,,,Adult,0.00232588120200758,
2008-07-24,206,2008,12:49:00,,0,01:00:00,11:49:00,11.8166666666667,709,,,550,0,,,0,,0,,,Adult,0,
2008-07-24,206,2008,12:53:00,,0,11:00:00,01:53:00,1.88333333333333,113,,,600,2,,,0.133333333333333,,0.00117994100294985,,,Adult,0.0290220574763778,
2008-07-25,207,2008,10:18:00,,24,23:00:00,-12:42:00,11.3,678,,,0,0,,,0,,0,,,Adult,0,
2008-07-25,207,2008,10:21:00,,0,00:00:00,10:21:00,10.35,621,,,50,0,,,0,,0,,,Adult,0,
2008-07-25,207,2008,10:25:00,,0,00:00:00,10:25:00,10.4166666666667,625,,,100,0,,,0,,0,,,Adult,0,
2008-07-25,207,2008,10:28:00,,0,00:00:00,10:28:00,10.4666666666667,628,,,150,0,,,0,,0,,,Adult,0,
2008-07-25,207,2008,11:35:00,,0,00:00:00,11:35:00,11.5833333333333,695,,,200,0,,,0,,0,,,Adult,0,
2008-07-25,207,2008,11:30:00,,0,00:00:00,11:30:00,11.5,690,,,250,0,,,0,,0,,,Adult,0,
2008-07-25,207,2008,11:25:00,,0,00:00:00,11:25:00,11.4166666666667,685,,,300,0,,,0,,0,,,Adult,0,
2008-07-25,207,2008,11:19:00,,0,01:00:00,10:19:00,10.3166666666667,619,,,350,1,,,0.0666666666666667,,0.000107700592353258,,,Adult,0.00264902463233497,
2008-07-25,207,2008,11:15:00,,0,01:00:00,10:15:00,10.25,615,,,400,0,,,0,,0,,,Adult,0,
2008-07-25,207,2008,11:11:00,,0,01:00:00,10:11:00,10.1833333333333,611,,,450,11,,,0.733333333333333,,0.00120021822149482,,,Adult,0.0295207998716347,
2008-07-25,207,2008,11:06:00,,0,01:00:00,10:06:00,10.1,606,,,500,12,,,0.8,,0.00132013201320132,,,Adult,0.032470222721096,
2008-07-25,207,2008,11:02:00,,0,01:00:00,10:02:00,10.0333333333333,602,,,550,0,,,0,,0,,,Adult,0,
2008-07-25,207,2008,10:57:00,,0,01:00:00,09:57:00,9.95,597,,,600,1,,,0.0666666666666667,,0.000111669458403127,,,Adult,0.00274664363051147,
2008-07-25,207,2008,10:50:00,,0,01:00:00,09:50:00,9.83333333333333,590,,,700,0,,,0,,0,,,Adult,0,
2008-07-25,207,2008,10:43:00,,0,02:00:00,08:43:00,8.71666666666667,523,,,800,2,,,0.133333333333333,,0.000254939451880178,,,Adult,0.00627054014307972,
2008-07-26,208,2008,11:43:00,,0,00:00:00,11:43:00,11.7166666666667,703,,,0,0,,,0,,0,,,Adult,0,
2008-07-26,208,2008,11:39:00,,0,00:00:00,11:39:00,11.65,699,,,50,0,,,0,,0,,,Adult,0,
2008-07-26,208,2008,11:36:00,,0,00:00:00,11:36:00,11.6,696,,,100,4,,,0.266666666666667,,0.000383141762452107,,,Adult,0.00942382900813417,
2008-07-26,208,2008,11:33:00,,0,00:00:00,11:33:00,11.55,693,,,150,0,,,0,,0,,,Adult,0,
2008-07-26,208,2008,11:29:00,,0,01:00:00,10:29:00,10.4833333333333,629,,,200,3,,,0.2,,0.000317965023847377,,,Adult,0.00782072931994601,
2008-07-26,208,2008,11:23:00,,0,01:00:00,10:23:00,10.3833333333333,623,,,250,1,,,0.0666666666666667,,0.000107009095773141,,,Adult,0.00263201644849975,
2008-07-26,208,2008,11:20:00,,0,01:00:00,10:20:00,10.3333333333333,620,,,300,0,,,0,,0,,,Adult,0,
2008-07-26,208,2008,11:18:00,,0,01:00:00,10:18:00,10.3,618,,,350,0,,,0,,0,,,Adult,0,
2008-07-26,208,2008,11:14:00,,0,01:00:00,10:14:00,10.2333333333333,614,,,400,0,,,0,,0,,,Adult,0,
2008-07-26,208,2008,11:12:00,,0,01:00:00,10:12:00,10.2,612,,,450,0,,,0,,0,,,Adult,0,
2008-07-26,208,2008,11:06:00,,0,01:00:00,10:06:00,10.1,606,,,500,0,,,0,,0,,,Adult,0,
2008-07-26,208,2008,11:03:00,,0,02:00:00,09:03:00,9.05,543,,,550,0,,,0,,0,,,Adult,0,
2008-07-26,208,2008,10:57:00,,0,02:00:00,08:57:00,8.95,537,,,600,0,,,0,,0,,,Adult,0,
2008-07-26,208,2008,10:53:00,,0,02:00:00,08:53:00,8.88333333333333,533,,,700,0,,,0,,0,,,Adult,0,
2008-07-26,208,2008,10:49:00,,0,02:00:00,08:49:00,8.81666666666667,529,,,800,0,,,0,,0,,,Adult,0,
2008-07-26,208,2008,10:43:00,,0,02:00:00,08:43:00,8.71666666666667,523,,,900,0,,,0,,0,,,Adult,0,
2008-07-27,209,2008,12:48:00,,0,00:00:00,12:48:00,12.8,768,,,0,0,,,0,,0,,,Adult,0,
2008-07-27,209,2008,12:39:00,,0,01:00:00,11:39:00,11.65,699,,,50,1,,,0.0666666666666667,,0.0000953743443013829,,,Adult,0.00234584584751838,
2008-07-27,209,2008,12:37:00,,0,01:00:00,11:37:00,11.6166666666667,697,,,100,0,,,0,,0,,,Adult,0,
2008-07-27,209,2008,12:34:00,,0,01:00:00,11:34:00,11.5666666666667,694,,,150,0,,,0,,0,,,Adult,0,
2008-07-27,209,2008,12:30:00,,0,01:00:00,11:30:00,11.5,690,,,200,1,,,0.0666666666666667,,0.0000966183574879227,,,Adult,0.00237644383683384,
2008-07-27,209,2008,12:27:00,,0,01:00:00,11:27:00,11.45,687,,,250,4,,,0.266666666666667,,0.000388161086851043,,,Adult,0.0095472852833499,
2008-07-27,209,2008,12:19:00,,0,01:00:00,11:19:00,11.3166666666667,679,,,300,0,,,0,,0,,,Adult,0,
2008-07-27,209,2008,12:16:00,,0,02:00:00,10:16:00,10.2666666666667,616,,,350,0,,,0,,0,,,Adult,0,
2008-07-27,209,2008,12:13:00,,0,02:00:00,10:13:00,10.2166666666667,613,,,400,0,,,0,,0,,,Adult,0,
2008-07-27,209,2008,12:10:00,,0,02:00:00,10:10:00,10.1666666666667,610,,,450,0,,,0,,0,,,Adult,0,
2008-07-27,209,2008,12:06:00,,0,02:00:00,10:06:00,10.1,606,,,500,0,,,0,,0,,,Adult,0,
2008-07-27,209,2008,12:03:00,,0,02:00:00,10:03:00,10.05,603,,,550,0,,,0,,0,,,Adult,0,
2008-07-27,209,2008,11:50:00,,0,02:00:00,09:50:00,9.83333333333333,590,,,600,0,,,0,,0,,,Adult,0,
2008-07-27,209,2008,11:46:00,,0,02:00:00,09:46:00,9.76666666666667,586,,,700,0,,,0,,0,,,Adult,0,
2008-07-27,209,2008,11:41:00,,0,03:00:00,08:41:00,8.68333333333333,521,,,800,0,,,0,,0,,,Adult,0,
2008-07-27,209,2008,11:37:00,,0,03:00:00,08:37:00,8.61666666666667,517,,,900,0,,,0,,0,,,Adult,0,
2008-07-28,210,2008,13:24:00,,0,01:00:00,12:24:00,12.4,744,,,0,0,,,0,,0,,,Mixed,0,
2008-07-28,210,2008,13:27:00,,0,01:00:00,12:27:00,12.45,747,,,50,0,,,0,,0,,,Mixed,0,
2008-07-28,210,2008,13:29:00,,0,01:00:00,12:29:00,12.4833333333333,749,,,100,2,,,0.133333333333333,,0.000178015131286159,,,Mixed,0.00371732141586949,
2008-07-28,210,2008,13:32:00,,0,02:00:00,11:32:00,11.5333333333333,692,,,150,3,,,0.2,,0.000289017341040462,,,Mixed,0.00603527544903089,
2008-07-28,210,2008,13:36:00,,0,02:00:00,11:36:00,11.6,696,,,200,0,,,0,,0,,,Mixed,0,
2008-07-28,210,2008,13:41:00,,0,02:00:00,11:41:00,11.6833333333333,701,,,250,5,,,0.333333333333333,,0.000475511174512601,,,Mixed,0.00992964957377406,
2008-07-28,210,2008,13:45:00,,0,02:00:00,11:45:00,11.75,705,,,300,0,,,0,,0,,,Mixed,0,
2008-07-28,210,2008,13:48:00,,0,02:00:00,11:48:00,11.8,708,,,350,0,,,0,,0,,,Mixed,0,
2008-07-28,210,2008,13:35:00,,0,04:00:00,09:35:00,9.58333333333333,575,,,900,0,,,0,,0,,,Mixed,0,
2008-07-28,210,2008,13:39:00,,0,03:00:00,10:39:00,10.65,639,,,800,0,,,0,,0,,,Mixed,0,
2008-07-28,210,2008,13:42:00,,0,03:00:00,10:42:00,10.7,642,,,700,0,,,0,,0,,,Mixed,0,
2008-07-28,210,2008,13:45:00,,0,03:00:00,10:45:00,10.75,645,,,600,0,,,0,,0,,,Mixed,0,
2008-07-28,210,2008,13:46:00,,0,03:00:00,10:46:00,10.7666666666667,646,,,550,0,,,0,,0,,,Mixed,0,
2008-07-28,210,2008,13:47:00,,0,03:00:00,10:47:00,10.7833333333333,647,,,500,0,,,0,,0,,,Mixed,0,
2008-07-28,210,2008,13:48:00,,0,02:00:00,11:48:00,11.8,708,,,450,0,,,0,,0,,,Mixed,0,
2008-07-28,210,2008,13:49:00,,0,02:00:00,11:49:00,11.8166666666667,709,,,400,0,,,0,,0,,,Mixed,0,
2008-07-31,213,2008,14:07:00,,0,04:00:00,10:07:00,10.1166666666667,607,,,0,0,,,0,,0,,,Mixed,0,
2008-07-31,213,2008,14:10:00,,0,04:00:00,10:10:00,10.1666666666667,610,,,50,0,,,0,,0,,,Mixed,0,
2008-07-31,213,2008,14:13:00,,0,04:00:00,10:13:00,10.2166666666667,613,,,100,0,,,0,,0,,,Mixed,0,
2008-07-31,213,2008,14:15:00,,0,05:00:00,09:15:00,9.25,555,,,150,0,,,0,,0,,,Mixed,0,
2008-07-31,213,2008,14:18:00,,0,05:00:00,09:18:00,9.3,558,,,200,2,,,0.133333333333333,,0.0002389486260454,,,Mixed,0.00498973788617607,
2008-07-31,213,2008,14:22:00,,0,05:00:00,09:22:00,9.36666666666667,562,,,250,0,,,0,,0,,,Mixed,0,
2008-07-31,213,2008,14:24:00,,0,05:00:00,09:24:00,9.4,564,,,300,0,,,0,,0,,,Mixed,0,
2008-07-31,213,2008,14:27:00,,0,05:00:00,09:27:00,9.45,567,,,350,0,,,0,,0,,,Mixed,0,
2008-07-31,213,2008,14:17:00,,0,07:00:00,07:17:00,7.28333333333333,437,,,900,0,,,0,,0,,,Mixed,0,
2008-07-31,213,2008,14:19:00,,0,06:00:00,08:19:00,8.31666666666667,499,,,800,0,,,0,,0,,,Mixed,0,
2008-07-31,213,2008,14:21:00,,0,06:00:00,08:21:00,8.35,501,,,700,0,,,0,,0,,,Mixed,0,
2008-07-31,213,2008,14:23:00,,0,06:00:00,08:23:00,8.38333333333333,503,,,600,0,,,0,,0,,,Mixed,0,
2008-07-31,213,2008,14:24:00,,0,06:00:00,08:24:00,8.4,504,,,550,0,,,0,,0,,,Mixed,0,
2008-07-31,213,2008,14:25:00,,0,06:00:00,08:25:00,8.41666666666667,505,,,500,0,,,0,,0,,,Mixed,0,
2008-07-31,213,2008,14:26:00,,0,05:00:00,09:26:00,9.43333333333333,566,,,450,0,,,0,,0,,,Mixed,0,
2008-07-31,213,2008,14:27:00,,0,05:00:00,09:27:00,9.45,567,,,400,0,,,0,,0,,,Mixed,0,
2008-07-30,212,2008,13:30:00,,0,06:00:00,07:30:00,7.5,450,,,900,0,,,0,,0,,,Mixed,0,
2008-07-30,212,2008,13:33:00,,0,05:00:00,08:33:00,8.55,513,,,800,0,,,0,,0,,,Mixed,0,
2008-07-30,212,2008,13:35:00,,0,05:00:00,08:35:00,8.58333333333333,515,,,700,0,,,0,,0,,,Mixed,0,
2008-07-30,212,2008,13:37:00,,0,05:00:00,08:37:00,8.61666666666667,517,,,600,0,,,0,,0,,,Mixed,0,
2008-07-30,212,2008,13:38:00,,0,05:00:00,08:38:00,8.63333333333333,518,,,550,0,,,0,,0,,,Mixed,0,
2008-07-30,212,2008,13:40:00,,0,05:00:00,08:40:00,8.66666666666667,520,,,500,0,,,0,,0,,,Mixed,0,
2008-07-30,212,2008,13:41:00,,0,04:00:00,09:41:00,9.68333333333333,581,,,450,0,,,0,,0,,,Mixed,0,
2008-07-30,212,2008,13:43:00,,0,04:00:00,09:43:00,9.71666666666667,583,,,400,0,,,0,,0,,,Mixed,0,
2008-07-30,212,2008,13:44:00,,0,04:00:00,09:44:00,9.73333333333333,584,,,350,0,,,0,,0,,,Mixed,0,
2008-07-30,212,2008,13:46:00,,0,04:00:00,09:46:00,9.76666666666667,586,,,300,0,,,0,,0,,,Mixed,0,
2008-07-30,212,2008,13:48:00,,0,04:00:00,09:48:00,9.8,588,,,250,0,,,0,,0,,,Mixed,0,
2008-07-30,212,2008,13:51:00,,0,04:00:00,09:51:00,9.85,591,,,200,0,,,0,,0,,,Mixed,0,
2008-07-30,212,2008,13:54:00,,0,04:00:00,09:54:00,9.9,594,,,150,0,,,0,,0,,,Mixed,0,
2008-07-30,212,2008,13:56:00,,0,03:00:00,10:56:00,10.9333333333333,656,,,100,1,,,0.0666666666666667,,0.000101626016260163,,,Mixed,0.00212215986317549,
2008-07-30,212,2008,14:00:00,,0,03:00:00,11:00:00,11,660,,,50,0,,,0,,0,,,Mixed,0,
2008-07-30,212,2008,14:04:00,,0,03:00:00,11:04:00,11.0666666666667,664,,,0,0,,,0,,0,,,Mixed,0,
2008-08-02,215,2008,11:20:00,,24,21:00:00,-09:40:00,14.3333333333333,860,,,0,0,,,0,,0,,,Mixed,0,
2008-08-02,215,2008,11:22:00,,0,06:00:00,05:22:00,5.36666666666667,322,,,50,0,,,0,,0,,,Mixed,0,
2008-08-02,215,2008,11:25:00,,0,06:00:00,05:25:00,5.41666666666667,325,,,100,0,,,0,,0,,,Mixed,0,
2008-08-02,215,2008,11:28:00,,0,06:00:00,05:28:00,5.46666666666667,328,,,150,2,,,0.133333333333333,,0.00040650406504065,,,Mixed,0.00848863945270198,
2008-08-02,215,2008,11:32:00,,0,07:00:00,04:32:00,4.53333333333333,272,,,200,3,,,0.2,,0.000735294117647059,,,Mixed,0.0153544507747403,
2008-08-02,215,2008,11:36:00,,0,07:00:00,04:36:00,4.6,276,,,250,0,,,0,,0,,,Mixed,0,
2008-08-02,215,2008,11:40:00,,0,07:00:00,04:40:00,4.66666666666667,280,,,300,0,,,0,,0,,,Mixed,0,
2008-08-02,215,2008,11:43:00,,0,07:00:00,04:43:00,4.71666666666667,283,,,350,0,,,0,,0,,,Mixed,0,
2008-08-02,215,2008,11:46:00,,0,07:00:00,04:46:00,4.76666666666667,286,,,400,0,,,0,,0,,,Mixed,0,
2008-08-02,215,2008,11:44:00,,0,07:00:00,04:44:00,4.73333333333333,284,,,450,0,,,0,,0,,,Mixed,0,
2008-08-02,215,2008,11:43:00,,0,07:00:00,04:43:00,4.71666666666667,283,,,500,0,,,0,,0,,,Mixed,0,
2008-08-02,215,2008,11:42:00,,0,08:00:00,03:42:00,3.7,222,,,550,0,,,0,,0,,,Mixed,0,
2008-08-02,215,2008,11:41:00,,0,08:00:00,03:41:00,3.68333333333333,221,,,600,0,,,0,,0,,,Mixed,0,
2008-08-02,215,2008,11:39:00,,0,08:00:00,03:39:00,3.65,219,,,700,0,,,0,,0,,,Mixed,0,
2008-08-02,215,2008,11:37:00,,0,08:00:00,03:37:00,3.61666666666667,217,,,800,0,,,0,,0,,,Mixed,0,
2008-08-02,215,2008,11:34:00,,0,08:00:00,03:34:00,3.56666666666667,214,,,900,,,,0,,0,,,Mixed,0,
2008-08-03,216,2008,09:42:00,,24,21:00:00,-11:18:00,12.7,762,,,0,10,,,0.666666666666667,,0.000874890638670166,,,Mixed,0.0182695127328494,
2008-08-03,216,2008,09:45:00,,24,22:00:00,-12:15:00,11.75,705,,,50,7,,,0.466666666666667,,0.00066193853427896,,,Mixed,0.0138226355910665,
2008-08-03,216,2008,09:49:00,,0,07:00:00,02:49:00,2.81666666666667,169,,,100,7,,,0.466666666666667,,0.00276134122287968,,,Mixed,0.0576624739153957,
2008-08-03,216,2008,09:53:00,,0,07:00:00,02:53:00,2.88333333333333,173,,,150,9,,,0.6,,0.00346820809248555,,,Mixed,0.0724233053883706,
2008-08-03,216,2008,09:58:00,,0,07:00:00,02:58:00,2.96666666666667,178,,,200,24,,,1.6,,0.00898876404494382,,,Mixed,0.18770384767323,
2008-08-03,216,2008,10:02:00,,0,08:00:00,02:02:00,2.03333333333333,122,,,250,14,,,0.933333333333333,,0.00765027322404372,,,Mixed,0.159753411339375,
2008-08-03,216,2008,10:02:00,,0,08:00:00,02:02:00,2.03333333333333,122,,,300,6,,,0.4,,0.00327868852459016,,,Mixed,0.068465747716875,
2008-08-03,216,2008,10:01:00,,0,08:00:00,02:01:00,2.01666666666667,121,,,350,0,,,0,,0,,,Mixed,0,
2008-08-03,216,2008,09:59:00,,0,08:00:00,01:59:00,1.98333333333333,119,,,400,0,,,0,,0,,,Mixed,0,
2008-08-05,218,2008,11:07:00,,24,22:00:00,-10:53:00,13.1166666666667,787,,,0,0,,,0,,0,,,Mixed,0,
2008-08-05,218,2008,11:11:00,,24,22:00:00,-10:49:00,13.1833333333333,791,,,50,0,,,0,,0,,,Mixed,0,
2008-08-05,218,2008,11:14:00,,24,23:00:00,-11:46:00,12.2333333333333,734,,,100,4,,,0.266666666666667,,0.00036330608537693,,,Mixed,0.00758657694955381,
2008-08-05,218,2008,11:18:00,,24,23:00:00,-11:42:00,12.3,738,,,150,2,,,0.133333333333333,,0.0001806684733514,,,Mixed,0.00377272864564532,
2008-08-05,218,2008,11:22:00,,24,23:00:00,-11:38:00,12.3666666666667,742,,,200,10,,,0.666666666666667,,0.000898472596585804,,,Mixed,0.0187619524291526,
2008-08-05,218,2008,11:25:00,,24,23:00:00,-11:35:00,12.4166666666667,745,,,250,6,,,0.4,,0.000536912751677852,,,Mixed,0.0112118405657164,
2008-08-05,218,2008,11:29:00,,24,23:00:00,-11:31:00,12.4833333333333,749,,,300,2,,,0.133333333333333,,0.000178015131286159,,,Mixed,0.00371732141586949,
2008-08-05,218,2008,11:38:00,,24,23:00:00,-11:22:00,12.6333333333333,758,,,350,0,,,0,,0,,,Mixed,0,
2008-08-05,218,2008,11:35:00,,0,09:00:00,02:35:00,2.58333333333333,155,,,400,0,,,0,,0,,,Mixed,0,
2008-08-05,218,2008,11:33:00,,0,09:00:00,02:33:00,2.55,153,,,450,0,,,0,,0,,,Mixed,0,
2008-08-05,218,2008,11:30:00,,0,09:00:00,02:30:00,2.5,150,,,500,0,,,0,,0,,,Mixed,0,
2008-08-05,218,2008,11:28:00,,0,10:00:00,01:28:00,1.46666666666667,88,,,550,0,,,0,,0,,,Mixed,0,
2008-08-05,218,2008,11:26:00,,0,10:00:00,01:26:00,1.43333333333333,86,,,600,0,,,0,,0,,,Mixed,0,
2008-08-05,218,2008,11:24:00,,0,10:00:00,01:24:00,1.4,84,,,700,0,,,0,,0,,,Mixed,0,
2008-08-05,218,2008,11:22:00,,0,11:00:00,00:22:00,0.366666666666667,22,,,800,0,,,0,,0,,,Mixed,0,
2008-08-06,219,2008,12:27:00,,24,22:00:00,-09:33:00,14.45,867,,,0,2,,,0.133333333333333,,0.000153787004998078,,,Mixed,0.00321138839733131,
2008-08-06,219,2008,12:30:00,,24,23:00:00,-10:30:00,13.5,810,,,50,2,,,0.133333333333333,,0.000164609053497942,,,Mixed,0.00343737498825463,
2008-08-06,219,2008,12:33:00,,24,23:00:00,-10:27:00,13.55,813,,,100,9,,,0.6,,0.000738007380073801,,,Mixed,0.015411109264684,
2008-08-06,219,2008,12:36:00,,24,23:00:00,-10:24:00,13.6,816,,,150,5,,,0.333333333333333,,0.000408496732026144,,,Mixed,0.0085302504304113,
2008-08-06,219,2008,12:40:00,,24,23:00:00,-10:20:00,13.6666666666667,820,,,200,21,,,1.4,,0.00170731707317073,,,Mixed,0.0356522857013483,
2008-08-06,219,2008,12:43:00,,24,23:00:00,-10:17:00,13.7166666666667,823,,,250,28,,,1.86666666666667,,0.00226812474686108,,,Mixed,0.0473631012962424,
2008-08-06,219,2008,12:47:00,,24,23:00:00,-10:13:00,13.7833333333333,827,,,300,3,,,0.2,,0.000241837968561064,,,Mixed,0.00505007328987832,
2008-08-06,219,2008,12:49:00,,0,00:00:00,12:49:00,12.8166666666667,769,,,350,0,,,0,,0,,,Mixed,0,
2008-08-06,219,2008,12:47:00,,0,00:00:00,12:47:00,12.7833333333333,767,,,400,0,,,0,,0,,,Mixed,0,
2008-08-06,219,2008,12:47:00,,0,00:00:00,12:47:00,12.7833333333333,767,,,450,0,,,0,,0,,,Mixed,0,
2008-08-06,219,2008,12:46:00,,0,10:00:00,02:46:00,2.76666666666667,166,,,500,0,,,0,,0,,,Mixed,0,
2008-08-06,219,2008,12:45:00,,0,11:00:00,01:45:00,1.75,105,,,550,0,,,0,,0,,,Mixed,0,
2008-08-06,219,2008,12:44:00,,0,11:00:00,01:44:00,1.73333333333333,104,,,600,0,,,0,,0,,,Mixed,0,
2008-08-06,219,2008,12:42:00,,0,11:00:00,01:42:00,1.7,102,,,700,0,,,0,,0,,,Mixed,0,
2008-08-06,219,2008,12:40:00,,0,12:00:00,00:40:00,0.666666666666667,40,,,800,0,,,0,,0,,,Mixed,0,
2008-08-06,219,2008,12:39:00,,0,12:00:00,00:39:00,0.65,39,,,900,0,,,0,,0,,,Mixed,0,
2008-08-07,220,2008,13:31:00,,24,23:00:00,-09:29:00,14.5166666666667,871,,,0,1,,,0.0666666666666667,,0.0000765403750478377,,,Mixed,0.00159832017249498,
2008-08-07,220,2008,13:33:00,,24,23:00:00,-09:27:00,14.55,873,,,50,5,,,0.333333333333333,,0.000381825124093165,,,Mixed,0.00797329249852877,
2008-08-07,220,2008,13:37:00,,24,23:00:00,-09:23:00,14.6166666666667,877,,,100,5,,,0.333333333333333,,0.000380083618396047,,,Mixed,0.00793692628416832,
2008-08-07,220,2008,13:40:00,,24,23:00:00,-09:20:00,14.6666666666667,880,,,150,8,,,0.533333333333333,,0.000606060606060606,,,Mixed,0.0126557897294829,
2008-08-07,220,2008,13:43:00,,24,23:00:00,-09:17:00,14.7166666666667,883,,,200,23,,,1.53333333333333,,0.00173650434126085,,,Mixed,0.0362617757820972,
2008-08-07,220,2008,13:47:00,,24,23:00:00,-09:13:00,14.7833333333333,887,,,250,34,,,2.26666666666667,,0.0025554302893649,,,Mixed,0.053362630877414,
2008-08-07,220,2008,13:47:00,,0,00:00:00,13:47:00,13.7833333333333,827,,,300,0,,,0,,0,,,Mixed,0,
2008-08-07,220,2008,13:47:00,,0,00:00:00,13:47:00,13.7833333333333,827,,,350,0,,,0,,0,,,Mixed,0,
2008-08-07,220,2008,13:46:00,,0,00:00:00,13:46:00,13.7666666666667,826,,,400,0,,,0,,0,,,Mixed,0,
2008-08-07,220,2008,13:45:00,,0,00:00:00,13:45:00,13.75,825,,,450,0,,,0,,0,,,Mixed,0,
2008-08-07,220,2008,13:43:00,,0,00:00:00,13:43:00,13.7166666666667,823,,,500,0,,,0,,0,,,Mixed,0,
2008-08-07,220,2008,13:42:00,,0,12:00:00,01:42:00,1.7,102,,,550,0,,,0,,0,,,Mixed,0,
2008-08-07,220,2008,13:41:00,,0,12:00:00,01:41:00,1.68333333333333,101,,,600,0,,,0,,0,,,Mixed,0,
2008-08-07,220,2008,13:40:00,,0,13:00:00,00:40:00,0.666666666666667,40,,,700,0,,,0,,0,,,Mixed,0,
2008-08-08,221,2008,11:50:00,,0,10:00:00,01:50:00,1.83333333333333,110,,,0,0,,,0,,0,,,Mixed,0,
2008-08-08,221,2008,11:48:00,,24,23:00:00,-11:12:00,12.8,768,,,50,0,,,0,,0,,,Mixed,0,
2008-08-08,221,2008,11:46:00,,24,23:00:00,-11:14:00,12.7666666666667,766,,,100,0,,,0,,0,,,Mixed,0,
2008-08-08,221,2008,11:44:00,,24,23:00:00,-11:16:00,12.7333333333333,764,,,150,0,,,0,,0,,,Mixed,0,
2008-08-08,221,2008,11:41:00,,24,23:00:00,-11:19:00,12.6833333333333,761,,,200,20,,,1.33333333333333,,0.0017520805957074,,,Mixed,0.0365870399538272,
2008-08-08,221,2008,11:39:00,,0,00:00:00,11:39:00,11.65,699,,,250,17,,,1.13333333333333,,0.00162136385312351,,,Mixed,0.0338574060001904,
2008-08-08,221,2008,11:38:00,,0,00:00:00,11:38:00,11.6333333333333,698,,,300,0,,,0,,0,,,Mixed,0,
2008-08-08,221,2008,11:36:00,,0,00:00:00,11:36:00,11.6,696,,,350,0,,,0,,0,,,Mixed,0,
2008-08-08,221,2008,11:34:00,,0,00:00:00,11:34:00,11.5666666666667,694,,,400,0,,,0,,0,,,Mixed,0,
2008-08-08,221,2008,11:32:00,,0,00:00:00,11:32:00,11.5333333333333,692,,,450,0,,,0,,0,,,Mixed,0,
2008-08-08,221,2008,11:30:00,,0,00:00:00,11:30:00,11.5,690,,,500,0,,,0,,0,,,Mixed,0,
2008-08-10,223,2008,12:39:00,,48,22:00:00,-09:21:00,38.65,2319,,,0,0,,,0,,0,,,Mixed,0,
2008-08-10,223,2008,12:41:00,,48,23:00:00,-10:19:00,37.6833333333333,2261,,,50,0,,,0,,0,,,Mixed,0,
2008-08-10,223,2008,12:43:00,,48,23:00:00,-10:17:00,37.7166666666667,2263,,,100,0,,,0,,0,,,Mixed,0,
2008-08-10,223,2008,12:45:00,,48,23:00:00,-10:15:00,37.75,2265,,,150,0,,,0,,0,,,Mixed,0,
2008-08-10,223,2008,12:47:00,,24,23:00:00,-10:13:00,13.7833333333333,827,,,200,6,,,0.4,,0.000483675937122128,,,Mixed,0.0101001465797566,
2008-08-10,223,2008,12:51:00,,0,00:00:00,12:51:00,12.85,771,,,250,4,,,0.266666666666667,,0.000345871162991786,,,Mixed,0.00722249997532101,
2008-08-10,223,2008,12:54:00,,0,00:00:00,12:54:00,12.9,774,,,300,0,,,0,,0,,,Mixed,0,
2008-08-10,223,2008,12:56:00,,0,01:00:00,11:56:00,11.9333333333333,716,,,350,0,,,0,,0,,,Mixed,0,
2008-08-10,223,2008,12:57:00,,0,01:00:00,11:57:00,11.95,717,,,400,0,,,0,,0,,,Mixed,0,
2008-08-10,223,2008,12:56:00,,0,01:00:00,11:56:00,11.9333333333333,716,,,450,0,,,0,,0,,,Mixed,0,
2008-08-10,223,2008,12:55:00,,0,01:00:00,11:55:00,11.9166666666667,715,,,500,0,,,0,,0,,,Mixed,0,
2008-08-10,223,2008,12:53:00,,0,01:00:00,11:53:00,11.8833333333333,713,,,550,0,,,0,,0,,,Mixed,0,
2008-08-10,223,2008,12:52:00,,0,02:00:00,10:52:00,10.8666666666667,652,,,600,0,,,0,,0,,,Mixed,0,
2008-08-10,223,2008,12:49:00,,0,02:00:00,10:49:00,10.8166666666667,649,,,700,0,,,0,,0,,,Mixed,0,
2008-08-11,224,2008,12:19:00,,96,22:00:00,-09:41:00,86.3166666666667,5179,,,0,0,,,0,,0,,,Juvenile,0,
2008-08-11,224,2008,12:21:00,,96,23:00:00,-10:39:00,85.35,5121,,,50,2,,,0.133333333333333,,0.0000260365813968626,,,Juvenile,0.000173112774771495,
2008-08-11,224,2008,12:24:00,,72,23:00:00,-10:36:00,61.4,3684,,,100,5,,,0.333333333333333,,0.000090481360839667,,,Juvenile,0.000601595086593939,
2008-08-11,224,2008,12:28:00,,72,23:00:00,-10:32:00,61.4666666666667,3688,,,150,6,,,0.4,,0.000108459869848156,,,Juvenile,0.000721131116815207,
2008-08-11,224,2008,12:32:00,,48,23:00:00,-10:28:00,37.5333333333333,2252,,,200,15,,,1,,0.00044404973357016,,,Juvenile,0.00295241070028251,
2008-08-11,224,2008,12:36:00,,0,00:00:00,12:36:00,12.6,756,,,250,14,,,0.933333333333333,,0.00123456790123457,,,Juvenile,0.00820843073708174,
2008-08-11,224,2008,12:39:00,,0,00:00:00,12:39:00,12.65,759,,,300,6,,,0.4,,0.000527009222661397,,,Juvenile,0.00350399414863569,
2008-08-11,224,2008,12:41:00,,0,01:00:00,11:41:00,11.6833333333333,701,,,350,0,,,0,,0,,,Juvenile,0,
2008-08-11,224,2008,12:40:00,,0,01:00:00,11:40:00,11.6666666666667,700,,,400,0,,,0,,0,,,Juvenile,0,
2008-08-11,224,2008,12:38:00,,0,01:00:00,11:38:00,11.6333333333333,698,,,450,0,,,0,,0,,,Juvenile,0,
2008-08-11,224,2008,12:37:00,,0,02:00:00,10:37:00,10.6166666666667,637,,,500,0,,,0,,0,,,Juvenile,0,
2008-08-11,224,2008,12:36:00,,0,02:00:00,10:36:00,10.6,636,,,550,0,,,0,,0,,,Juvenile,0,
2008-08-11,224,2008,12:35:00,,0,02:00:00,10:35:00,10.5833333333333,635,,,600,0,,,0,,0,,,Juvenile,0,
2008-08-11,224,2008,12:34:00,,0,03:00:00,09:34:00,9.56666666666667,574,,,700,0,,,0,,0,,,Juvenile,0,
2008-08-11,224,2008,12:32:00,,0,03:00:00,09:32:00,9.53333333333333,572,,,800,0,,,0,,0,,,Juvenile,0,
2008-08-11,224,2008,12:30:00,,0,03:00:00,09:30:00,9.5,570,,,900,0,,,0,,0,,,Juvenile,0,
2008-08-12,225,2008,13:35:00,,120,23:00:00,-09:25:00,110.583333333333,6635,,,0,0,,,0,,0,,,Juvenile,0,
2008-08-12,225,2008,13:34:00,,120,23:00:00,-09:26:00,110.566666666667,6634,,,50,0,,,0,,0,,,Juvenile,0,
2008-08-12,225,2008,13:33:00,,24,17:00:00,-03:27:00,20.55,1233,,,100,0,,,0,,0,,,Juvenile,0,
2008-08-12,225,2008,13:30:00,,24,17:00:00,-03:30:00,20.5,1230,,,150,5,,,0.333333333333333,,0.0002710027100271,,,Juvenile,0.00180185064960331,
2008-08-12,225,2008,13:26:00,,24,18:00:00,-04:34:00,19.4333333333333,1166,,,200,13,,,0.866666666666667,,0.000743281875357347,,,Juvenile,0.0049419540115192,
2008-08-12,225,2008,13:22:00,,24,18:00:00,-04:38:00,19.3666666666667,1162,,,250,20,,,1.33333333333333,,0.00114744693057946,,,Juvenile,0.00762917830985222,
2008-08-12,225,2008,13:20:00,,24,19:00:00,-05:40:00,18.3333333333333,1100,,,300,0,,,0,,0,,,Juvenile,0,
2008-08-12,225,2008,13:18:00,,0,01:00:00,12:18:00,12.3,738,,,350,0,,,0,,0,,,Juvenile,0,
2008-08-12,225,2008,13:16:00,,0,02:00:00,11:16:00,11.2666666666667,676,,,400,0,,,0,,0,,,Juvenile,0,
2008-08-12,225,2008,13:14:00,,0,02:00:00,11:14:00,11.2333333333333,674,,,450,0,,,0,,0,,,Juvenile,0,
2008-08-12,225,2008,13:13:00,,0,03:00:00,10:13:00,10.2166666666667,613,,,500,0,,,0,,0,,,Juvenile,0,
2008-08-12,225,2008,13:11:00,,0,03:00:00,10:11:00,10.1833333333333,611,,,550,0,,,0,,0,,,Juvenile,0,
2008-08-12,225,2008,13:10:00,,0,03:00:00,10:10:00,10.1666666666667,610,,,600,0,,,0,,0,,,Juvenile,0,
2008-08-12,225,2008,13:08:00,,0,04:00:00,09:08:00,9.13333333333333,548,,,700,0,,,0,,0,,,Juvenile,0,
2008-08-12,225,2008,13:07:00,,0,04:00:00,09:07:00,9.11666666666667,547,,,800,0,,,0,,0,,,Juvenile,0,
2008-08-12,225,2008,13:05:00,,0,04:00:00,09:05:00,9.08333333333333,545,,,900,0,,,0,,0,,,Juvenile,0,
2008-08-13,226,2008,13:50:00,,144,22:00:00,-08:10:00,135.833333333333,8150,,,0,0,,,0,,0,,,Juvenile,0,
2008-08-13,226,2008,13:48:00,,24,18:00:00,-04:12:00,19.8,1188,,,50,1,,,0.0666666666666667,,0.0000561167227833894,,,Juvenile,0.00037311048804917,
2008-08-13,226,2008,13:44:00,,24,19:00:00,-05:16:00,18.7333333333333,1124,,,100,3,,,0.2,,0.000177935943060498,,,Juvenile,0.00118306564004203,
2008-08-13,226,2008,13:40:00,,24,19:00:00,-05:20:00,18.6666666666667,1120,,,150,0,,,0,,0,,,Juvenile,0,
2008-08-13,226,2008,13:38:00,,24,19:00:00,-05:22:00,18.6333333333333,1118,,,200,5,,,0.333333333333333,,0.000298151460942159,,,Juvenile,0.00198235804920579,
2008-08-13,226,2008,13:34:00,,24,19:00:00,-05:26:00,18.5666666666667,1114,,,250,4,,,0.266666666666667,,0.000239377618192699,,,Juvenile,0.00159158082514332,
2008-08-13,226,2008,13:33:00,,24,20:00:00,-06:27:00,17.55,1053,,,300,0,,,0,,0,,,Juvenile,0,
2008-08-13,226,2008,13:32:00,,0,03:00:00,10:32:00,10.5333333333333,632,,,350,0,,,0,,0,,,Juvenile,0,
2008-08-13,226,2008,13:31:00,,0,03:00:00,10:31:00,10.5166666666667,631,,,400,0,,,0,,0,,,Juvenile,0,
2008-08-13,226,2008,13:30:00,,0,03:00:00,10:30:00,10.5,630,,,450,0,,,0,,0,,,Juvenile,0,
2008-08-13,226,2008,13:29:00,,0,04:00:00,09:29:00,9.48333333333333,569,,,500,0,,,0,,0,,,Juvenile,0,
2008-08-13,226,2008,13:28:00,,0,04:00:00,09:28:00,9.46666666666667,568,,,550,0,,,0,,0,,,Juvenile,0,
2008-08-13,226,2008,13:27:00,,0,04:00:00,09:27:00,9.45,567,,,600,0,,,0,,0,,,Juvenile,0,
2008-08-13,226,2008,13:25:00,,0,04:00:00,09:25:00,9.41666666666667,565,,,700,0,,,0,,0,,,Juvenile,0,
2008-08-13,226,2008,13:24:00,,0,05:00:00,08:24:00,8.4,504,,,800,0,,,0,,0,,,Juvenile,0,
2008-08-13,226,2008,13:22:00,,0,05:00:00,08:22:00,8.36666666666667,502,,,900,0,,,0,,0,,,Juvenile,0,
2008-08-14,227,2008,13:38:00,,24,18:00:00,-04:22:00,19.6333333333333,1178,,,0,3,,,0.2,,0.000169779286926995,,,Juvenile,0.00112883342903841,
2008-08-14,227,2008,13:40:00,,24,19:00:00,-05:20:00,18.6666666666667,1120,,,50,0,,,0,,0,,,Juvenile,0,
2008-08-14,227,2008,13:42:00,,24,19:00:00,-05:18:00,18.7,1122,,,100,0,,,0,,0,,,Juvenile,0,
2008-08-14,227,2008,13:44:00,,24,19:00:00,-05:16:00,18.7333333333333,1124,,,150,9,,,0.6,,0.000533807829181495,,,Juvenile,0.00354919692012609,
2008-08-14,227,2008,13:47:00,,24,20:00:00,-06:13:00,17.7833333333333,1067,,,200,9,,,0.6,,0.00056232427366448,,,Juvenile,0.00373879788024529,
2008-08-14,227,2008,13:51:00,,0,03:00:00,10:51:00,10.85,651,,,250,3,,,0.2,,0.000307219662058372,,,Juvenile,0.0020426509668314,
2008-08-14,227,2008,13:54:00,,0,03:00:00,10:54:00,10.9,654,,,300,0,,,0,,0,,,Juvenile,0,
2008-08-14,227,2008,13:56:00,,0,04:00:00,09:56:00,9.93333333333333,596,,,350,0,,,0,,0,,,Juvenile,0,
2008-08-14,227,2008,13:57:00,,0,04:00:00,09:57:00,9.95,597,,,400,0,,,0,,0,,,Juvenile,0,
2008-08-14,227,2008,13:56:00,,0,04:00:00,09:56:00,9.93333333333333,596,,,450,0,,,0,,0,,,Juvenile,0,
2008-08-14,227,2008,13:55:00,,0,05:00:00,08:55:00,8.91666666666667,535,,,500,0,,,0,,0,,,Juvenile,0,
2008-08-14,227,2008,13:54:00,,0,05:00:00,08:54:00,8.9,534,,,550,0,,,0,,0,,,Juvenile,0,
2008-08-14,227,2008,13:53:00,,0,05:00:00,08:53:00,8.88333333333333,533,,,600,0,,,0,,0,,,Juvenile,0,
2008-08-14,227,2008,13:52:00,,0,05:00:00,08:52:00,8.86666666666667,532,,,700,0,,,0,,0,,,Juvenile,0,
2008-08-14,227,2008,13:50:00,,0,06:00:00,07:50:00,7.83333333333333,470,,,800,0,,,0,,0,,,Juvenile,0,
2008-08-14,227,2008,13:48:00,,0,06:00:00,07:48:00,7.8,468,,,900,0,,,0,,0,,,Juvenile,0,
2008-08-15,228,2008,13:54:00,,24,19:00:00,-05:06:00,18.9,1134,,,0,4,,,0.266666666666667,,0.000235155790711346,,,Juvenile,0.001563510616587,
2008-08-15,228,2008,13:57:00,,24,19:00:00,-05:03:00,18.95,1137,,,50,0,,,0,,0,,,Juvenile,0,
2008-08-15,228,2008,13:59:00,,24,20:00:00,-06:01:00,17.9833333333333,1079,,,100,0,,,0,,0,,,Juvenile,0,
2008-08-15,228,2008,14:00:00,,24,20:00:00,-06:00:00,18,1080,,,150,10,,,0.666666666666667,,0.000617283950617284,,,Juvenile,0.00410421536854087,
2008-08-15,228,2008,14:04:00,,24,20:00:00,-05:56:00,18.0666666666667,1084,,,200,0,,,0,,0,,,Juvenile,0,
2008-08-15,228,2008,14:06:00,,0,05:00:00,09:06:00,9.1,546,,,250,3,,,0.2,,0.000366300366300366,,,Juvenile,0.00243546846045282,
2008-08-15,228,2008,14:09:00,,0,05:00:00,09:09:00,9.15,549,,,300,0,,,0,,0,,,Juvenile,0,
2008-08-15,228,2008,14:11:00,,0,05:00:00,09:11:00,9.18333333333333,551,,,350,0,,,0,,0,,,Juvenile,0,
2008-08-15,228,2008,14:13:00,,0,05:00:00,09:13:00,9.21666666666667,553,,,400,0,,,0,,0,,,Juvenile,0,
2008-08-15,228,2008,14:15:00,,0,05:00:00,09:15:00,9.25,555,,,450,0,,,0,,0,,,Juvenile,0,
2008-08-15,228,2008,14:14:00,,0,06:00:00,08:14:00,8.23333333333333,494,,,500,0,,,0,,0,,,Juvenile,0,
2008-08-15,228,2008,14:13:00,,0,06:00:00,08:13:00,8.21666666666667,493,,,550,0,,,0,,0,,,Juvenile,0,
2008-08-15,228,2008,14:12:00,,0,06:00:00,08:12:00,8.2,492,,,600,0,,,0,,0,,,Juvenile,0,
2008-08-15,228,2008,14:10:00,,0,06:00:00,08:10:00,8.16666666666667,490,,,700,0,,,0,,0,,,Juvenile,0,
2008-08-15,228,2008,14:09:00,,0,06:00:00,08:09:00,8.15,489,,,800,0,,,0,,0,,,Juvenile,0,
2008-08-15,228,2008,14:07:00,,0,07:00:00,07:07:00,7.11666666666667,427,,,900,0,,,0,,0,,,Juvenile,0,
2008-08-16,229,2008,15:15:00,,24,19:00:00,-03:45:00,20.25,1215,,,0,1,,,0.0666666666666667,,0.0000548696844993141,,,Juvenile,0.0003648191438703,
2008-08-16,229,2008,15:17:00,,24,20:00:00,-04:43:00,19.2833333333333,1157,,,50,4,,,0.266666666666667,,0.000230481129357534,,,Juvenile,0.00153242959309391,
2008-08-16,229,2008,15:21:00,,24,20:00:00,-04:39:00,19.35,1161,,,100,0,,,0,,0,,,Juvenile,0,
2008-08-16,229,2008,15:23:00,,24,20:00:00,-04:37:00,19.3833333333333,1163,,,150,0,,,0,,0,,,Juvenile,0,
2008-08-16,229,2008,15:24:00,,0,05:00:00,10:24:00,10.4,624,,,200,0,,,0,,0,,,Juvenile,0,
2008-08-16,229,2008,15:26:00,,0,06:00:00,09:26:00,9.43333333333333,566,,,250,1,,,0.0666666666666667,,0.000117785630153121,,,Juvenile,0.000783136501417693,
2008-08-16,229,2008,15:29:00,,0,06:00:00,09:29:00,9.48333333333333,569,,,300,0,,,0,,0,,,Juvenile,0,
2008-08-16,229,2008,15:30:00,,0,06:00:00,09:30:00,9.5,570,,,350,0,,,0,,0,,,Juvenile,0,
2008-08-16,229,2008,15:32:00,,0,06:00:00,09:32:00,9.53333333333333,572,,,400,0,,,0,,0,,,Juvenile,0,
2008-08-16,229,2008,15:34:00,,0,06:00:00,09:34:00,9.56666666666667,574,,,450,0,,,0,,0,,,Juvenile,0,
2008-08-16,229,2008,15:33:00,,0,06:00:00,09:33:00,9.55,573,,,500,0,,,0,,0,,,Juvenile,0,
2008-08-16,229,2008,15:32:00,,0,07:00:00,08:32:00,8.53333333333333,512,,,550,0,,,0,,0,,,Juvenile,0,
2008-08-16,229,2008,15:31:00,,0,07:00:00,08:31:00,8.51666666666667,511,,,600,0,,,0,,0,,,Juvenile,0,
2008-08-16,229,2008,15:29:00,,0,07:00:00,08:29:00,8.48333333333333,509,,,700,0,,,0,,0,,,Juvenile,0,
2008-08-16,229,2008,15:28:00,,0,07:00:00,08:28:00,8.46666666666667,508,,,800,0,,,0,,0,,,Juvenile,0,
2008-08-16,229,2008,15:25:00,,0,08:00:00,07:25:00,7.41666666666667,445,,,900,0,,,0,,0,,,Juvenile,0,
2008-08-18,231,2008,10:58:00,,24,20:00:00,-09:02:00,14.9666666666667,898,,,0,2,,,0.133333333333333,,0.000148478099480327,,,Juvenile,0.000987205478401813,
2008-08-18,231,2008,11:01:00,,24,21:00:00,-09:59:00,14.0166666666667,841,,,50,2,,,0.133333333333333,,0.0001585414189457,,,Juvenile,0.00105411476766329,
2008-08-18,231,2008,11:04:00,,24,21:00:00,-09:56:00,14.0666666666667,844,,,100,2,,,0.133333333333333,,0.000157977883096366,,,Juvenile,0.00105036791422373,
2008-08-18,231,2008,11:07:00,,24,21:00:00,-09:53:00,14.1166666666667,847,,,150,2,,,0.133333333333333,,0.000157418339236521,,,Juvenile,0.00104664760283923,
2008-08-18,231,2008,11:10:00,,0,07:00:00,04:10:00,4.16666666666667,250,,,200,5,,,0.333333333333333,,0.00133333333333333,,,Juvenile,0.00886510519604828,
2008-08-18,231,2008,11:13:00,,0,07:00:00,04:13:00,4.21666666666667,253,,,250,22,,,1.46666666666667,,0.00579710144927536,,,Juvenile,0.0385439356349925,
2008-08-18,231,2008,11:16:00,,0,07:00:00,04:16:00,4.26666666666667,256,,,300,1,,,0.0666666666666667,,0.000260416666666667,,,Juvenile,0.00173146585860318,
2008-08-18,231,2008,11:20:00,,0,07:00:00,04:20:00,4.33333333333333,260,,,350,0,,,0,,0,,,Juvenile,0,
2008-08-18,231,2008,11:23:00,,0,08:00:00,03:23:00,3.38333333333333,203,,,400,0,,,0,,0,,,Juvenile,0,
2008-08-18,231,2008,11:22:00,,0,08:00:00,03:22:00,3.36666666666667,202,,,450,1,,,0.0666666666666667,,0.00033003300330033,,,Juvenile,0.00219433296931888,
2008-08-18,231,2008,11:20:00,,0,08:00:00,03:20:00,3.33333333333333,200,,,500,0,,,0,,0,,,Juvenile,0,
2008-08-18,231,2008,11:18:00,,0,08:00:00,03:18:00,3.3,198,,,550,0,,,0,,0,,,Juvenile,0,
2008-08-18,231,2008,11:16:00,,0,08:00:00,03:16:00,3.26666666666667,196,,,600,0,,,0,,0,,,Juvenile,0,
2008-08-18,231,2008,11:14:00,,0,09:00:00,02:14:00,2.23333333333333,134,,,700,0,,,0,,0,,,Juvenile,0,
2008-08-18,231,2008,11:12:00,,0,09:00:00,02:12:00,2.2,132,,,800,0,,,0,,0,,,Juvenile,0,
2008-08-18,231,2008,11:10:00,,0,09:00:00,02:10:00,2.16666666666667,130,,,900,0,,,0,,0,,,Juvenile,0,
2008-08-19,232,2008,10:56:00,,24,21:00:00,-10:04:00,13.9333333333333,836,,,0,4,,,0.266666666666667,,0.000318979266347687,,,Juvenile,0.00212083856364791,
2008-08-19,232,2008,10:59:00,,24,21:00:00,-10:01:00,13.9833333333333,839,,,50,9,,,0.6,,0.000715137067938021,,,Juvenile,0.00475482400264807,
2008-08-19,232,2008,11:02:00,,24,21:00:00,-09:58:00,14.0333333333333,842,,,100,5,,,0.333333333333333,,0.000395882818685669,,,Juvenile,0.00263215712471742,
2008-08-19,232,2008,11:05:00,,24,21:00:00,-09:55:00,14.0833333333333,845,,,150,27,,,1.8,,0.0021301775147929,,,Juvenile,0.0141631858161718,
2008-08-19,232,2008,11:08:00,,24,21:00:00,-09:52:00,14.1333333333333,848,,,200,51,,,3.4,,0.00400943396226415,,,Juvenile,0.0266580403890603,
2008-08-19,232,2008,11:12:00,,0,08:00:00,03:12:00,3.2,192,,,250,22,,,1.46666666666667,,0.00763888888888889,,,Juvenile,0.0507896651856933,
2008-08-19,232,2008,11:16:00,,0,08:00:00,03:16:00,3.26666666666667,196,,,300,5,,,0.333333333333333,,0.00170068027210884,,,Juvenile,0.0113075321378167,
2008-08-19,232,2008,11:22:00,,0,08:00:00,03:22:00,3.36666666666667,202,,,350,0,,,0,,0,,,Juvenile,0,
2008-08-19,232,2008,11:25:00,,0,08:00:00,03:25:00,3.41666666666667,205,,,400,0,,,0,,0,,,Juvenile,0,
2008-08-19,232,2008,11:28:00,,0,08:00:00,03:28:00,3.46666666666667,208,,,450,3,,,0.2,,0.000961538461538462,,,Juvenile,0.00639310470868867,
2008-08-19,232,2008,11:24:00,,0,09:00:00,02:24:00,2.4,144,,,500,5,,,0.333333333333333,,0.00231481481481481,,,Juvenile,0.0153908076320283,
2008-08-19,232,2008,11:19:00,,0,09:00:00,02:19:00,2.31666666666667,139,,,550,5,,,0.333333333333333,,0.00239808153477218,,,Juvenile,0.0159444338058422,
2008-08-19,232,2008,11:18:00,,0,09:00:00,02:18:00,2.3,138,,,600,0,,,0,,0,,,Juvenile,0,
2008-08-19,232,2008,11:16:00,,0,09:00:00,02:16:00,2.26666666666667,136,,,700,0,,,0,,0,,,Juvenile,0,
2008-08-19,232,2008,11:13:00,,0,10:00:00,01:13:00,1.21666666666667,73,,,800,0,,,0,,0,,,Juvenile,0,
2008-08-19,232,2008,11:09:00,,0,10:00:00,01:09:00,1.15,69,,,900,1,,,0.0666666666666667,,0.000966183574879227,,,Juvenile,0.00642398927249875,
2008-08-21,234,2008,13:08:00,,24,21:00:00,-07:52:00,16.1333333333333,968,,,0,0,,,0,,0,,,Juvenile,0,
2008-08-21,234,2008,13:10:00,,24,22:00:00,-08:50:00,15.1666666666667,910,,,50,0,,,0,,0,,,Juvenile,0,
2008-08-21,234,2008,13:11:00,,24,22:00:00,-08:49:00,15.1833333333333,911,,,100,9,,,0.6,,0.000658616904500549,,,Juvenile,0.00437903110671979,
2008-08-21,234,2008,13:14:00,,24,22:00:00,-08:46:00,15.2333333333333,914,,,150,8,,,0.533333333333333,,0.000583515681983953,,,Juvenile,0.0038796959282487,
2008-08-21,234,2008,13:17:00,,24,22:00:00,-08:43:00,15.2833333333333,917,,,200,10,,,0.666666666666667,,0.000727008360596147,,,Juvenile,0.00483375419631858,
2008-08-21,234,2008,13:20:00,,24,22:00:00,-08:40:00,15.3333333333333,920,,,250,23,,,1.53333333333333,,0.00166666666666667,,,Juvenile,0.0110813814950604,
2008-08-21,234,2008,13:23:00,,24,22:00:00,-08:37:00,15.3833333333333,923,,,300,43,,,2.86666666666667,,0.00310581437342001,,,Juvenile,0.0206500283548254,
2008-08-21,234,2008,13:27:00,,0,10:00:00,03:27:00,3.45,207,,,350,1,,,0.0666666666666667,,0.000322061191626409,,,Juvenile,0.00214132975749959,
2008-08-21,234,2008,13:29:00,,0,10:00:00,03:29:00,3.48333333333333,209,,,400,0,,,0,,0,,,Juvenile,0,
2008-08-21,234,2008,13:31:00,,0,10:00:00,03:31:00,3.51666666666667,211,,,450,6,,,0.4,,0.0018957345971564,,,Juvenile,0.0126044149706848,
2008-08-21,234,2008,13:31:00,,0,11:00:00,02:31:00,2.51666666666667,151,,,500,4,,,0.266666666666667,,0.00176600441501104,,,Juvenile,0.0117418611868189,
2008-08-21,234,2008,13:27:00,,0,11:00:00,02:27:00,2.45,147,,,550,5,,,0.333333333333333,,0.00226757369614512,,,Juvenile,0.0150767095170889,
2008-08-21,234,2008,13:24:00,,0,11:00:00,02:24:00,2.4,144,,,600,2,,,0.133333333333333,,0.000925925925925926,,,Juvenile,0.00615632305281131,
2008-08-21,234,2008,13:23:00,,0,11:00:00,02:23:00,2.38333333333333,143,,,700,0,,,0,,0,,,Juvenile,0,
2008-08-21,234,2008,13:21:00,,,12:00:00,01:21:00,1.35,81,,,800,6,,,0.4,,0.00493827160493827,,,Juvenile,0.032833722948327,
2008-08-21,234,2008,13:20:00,,0,12:00:00,01:20:00,1.33333333333333,80,,,900,0,,,0,,0,,,Juvenile,0,
2008-08-22,235,2008,14:07:00,,24,22:00:00,-07:53:00,16.1166666666667,967,,,0,2,,,0.133333333333333,,0.000137883488452258,,,Juvenile,0.000916763722445531,
2008-08-22,235,2008,14:10:00,,24,22:00:00,-07:50:00,16.1666666666667,970,,,50,4,,,0.266666666666667,,0.000274914089347079,,,Juvenile,0.00182785674145325,
2008-08-22,235,2008,14:12:00,,24,22:00:00,-07:48:00,16.2,972,,,100,9,,,0.6,,0.000617283950617284,,,Juvenile,0.00410421536854087,
2008-08-22,235,2008,14:15:00,,24,22:00:00,-07:45:00,16.25,975,,,150,24,,,1.6,,0.00164102564102564,,,Juvenile,0.0109108987028287,
2008-08-22,235,2008,14:18:00,,24,23:00:00,-08:42:00,15.3,918,,,200,25,,,1.66666666666667,,0.00181554103122731,,,Juvenile,0.012071221672179,
2008-08-22,235,2008,14:21:00,,24,23:00:00,-08:39:00,15.35,921,,,250,24,,,1.6,,0.00173724212812161,,,Juvenile,0.0115506256626036,
2008-08-22,235,2008,14:23:00,,24,23:00:00,-08:37:00,15.3833333333333,923,,,300,22,,,1.46666666666667,,0.00158902130733117,,,Juvenile,0.0105651307861897,
2008-08-22,235,2008,14:26:00,,0,11:00:00,03:26:00,3.43333333333333,206,,,350,1,,,0.0666666666666667,,0.000323624595469256,,,Juvenile,0.00215172456214764,
2008-08-22,235,2008,14:28:00,,0,11:00:00,03:28:00,3.46666666666667,208,,,400,2,,,0.133333333333333,,0.000641025641025641,,,Juvenile,0.00426206980579244,
2008-08-22,235,2008,14:32:00,,0,11:00:00,03:32:00,3.53333333333333,212,,,450,0,,,0,,0,,,Juvenile,0,
2008-08-22,235,2008,14:34:00,,0,12:00:00,02:34:00,2.56666666666667,154,,,500,0,,,0,,0,,,Juvenile,0,
2008-08-22,235,2008,14:36:00,,0,12:00:00,02:36:00,2.6,156,,,550,9,,,0.6,,0.00384615384615385,,,Juvenile,0.0255724188347547,
2008-08-22,235,2008,14:39:00,,0,13:00:00,01:39:00,1.65,99,,,600,11,,,0.733333333333333,,0.00740740740740741,,,Juvenile,0.0492505844224904,
2008-08-22,235,2008,14:43:00,,0,13:00:00,01:43:00,1.71666666666667,103,,,700,14,,,0.933333333333333,,0.00906148867313916,,,Juvenile,0.060248287740134,
2008-08-22,235,2008,14:47:00,,0,13:00:00,01:47:00,1.78333333333333,107,,,800,0,,,0,,0,,,Juvenile,0,
2008-08-24,237,2008,10:22:00,,24,23:00:00,-12:38:00,11.3666666666667,682,,,0,2,,,0.133333333333333,,0.000195503421309873,,,Juvenile,0.00129986879707453,
2008-08-24,237,2008,10:19:00,,24,23:00:00,-12:41:00,11.3166666666667,679,,,50,6,,,0.4,,0.000589101620029455,,,Juvenile,0.00391683587454269,
2008-08-24,237,2008,10:17:00,,24,23:00:00,-12:43:00,11.2833333333333,677,,,100,0,,,0,,0,,,Juvenile,0,
2008-08-24,237,2008,10:14:00,,24,23:00:00,-12:46:00,11.2333333333333,674,,,150,2,,,0.133333333333333,,0.00019782393669634,,,Juvenile,0.00131529750683209,
2008-08-24,237,2008,10:11:00,,0,00:00:00,10:11:00,10.1833333333333,611,,,200,8,,,0.533333333333333,,0.000872885979268958,,,Juvenile,0.0058036695227812,
2008-08-24,237,2008,10:07:00,,0,00:00:00,10:07:00,10.1166666666667,607,,,250,2,,,0.133333333333333,,0.000219659527732015,,,Juvenile,0.00146047861549395,
2008-08-24,237,2008,10:06:00,,0,00:00:00,10:06:00,10.1,606,,,300,0,,,0,,0,,,Juvenile,0,
2008-08-24,237,2008,10:04:00,,0,00:00:00,10:04:00,10.0666666666667,604,,,350,0,,,0,,0,,,Juvenile,0,
2008-08-24,237,2008,10:02:00,,0,00:00:00,10:02:00,10.0333333333333,602,,,400,0,,,0,,0,,,Juvenile,0,
2008-08-24,237,2008,10:00:00,,0,00:00:00,10:00:00,10,600,,,450,0,,,0,,0,,,Juvenile,0,
2008-08-24,237,2008,09:58:00,,0,00:00:00,09:58:00,9.96666666666667,598,,,500,0,,,0,,0,,,Juvenile,0,
2008-08-24,237,2008,09:56:00,,0,01:00:00,08:56:00,8.93333333333333,536,,,550,0,,,0,,0,,,Juvenile,0,
2008-08-24,237,2008,09:53:00,,0,01:00:00,08:53:00,8.88333333333333,533,,,600,0,,,0,,0,,,Juvenile,0,
2008-08-24,237,2008,09:50:00,,0,01:00:00,08:50:00,8.83333333333333,530,,,700,0,,,0,,0,,,Juvenile,0,
2008-08-24,237,2008,09:48:00,,0,01:00:00,08:48:00,8.8,528,,,800,0,,,0,,0,,,Juvenile,0,
2008-08-24,237,2008,09:45:00,,0,01:00:00,08:45:00,8.75,525,,,900,0,,,0,,0,,,Juvenile,0,
2008-08-25,238,2008,09:42:00,,48,23:00:00,-13:18:00,34.7,2082,,,0,0,,,0,,0,,,Juvenile,0,
2008-08-25,238,2008,09:44:00,,24,23:00:00,-13:16:00,10.7333333333333,644,,,50,1,,,0.0666666666666667,,0.00010351966873706,,,Juvenile,0.000688284564910581,
2008-08-25,238,2008,09:47:00,,0,00:00:00,09:47:00,9.78333333333333,587,,,100,0,,,0,,0,,,Juvenile,0,
2008-08-25,238,2008,09:49:00,,0,00:00:00,09:49:00,9.81666666666667,589,,,150,12,,,0.8,,0.00135823429541596,,,Juvenile,0.00903066743230725,
2008-08-25,238,2008,09:53:00,,0,00:00:00,09:53:00,9.88333333333333,593,,,200,4,,,0.266666666666667,,0.000449690837549185,,,Juvenile,0.00298991743542944,
2008-08-25,238,2008,09:57:00,,0,00:00:00,09:57:00,9.95,597,,,250,3,,,0.2,,0.00033500837520938,,,Juvenile,0.00222741336584128,
2008-08-25,238,2008,10:00:00,,0,00:00:00,10:00:00,10,600,,,300,1,,,0.0666666666666667,,0.000111111111111111,,,Juvenile,0.000738758766337357,
2008-08-25,238,2008,10:03:00,,0,01:00:00,09:03:00,9.05,543,,,350,1,,,0.0666666666666667,,0.000122774708410068,,,Juvenile,0.000816308029102052,
2008-08-25,238,2008,10:05:00,,0,01:00:00,09:05:00,9.08333333333333,545,,,400,0,,,0,,0,,,Juvenile,0,
2008-08-25,238,2008,10:04:00,,0,01:00:00,09:04:00,9.06666666666667,544,,,450,0,,,0,,0,,,Juvenile,0,
2008-08-25,238,2008,10:02:00,,0,01:00:00,09:02:00,9.03333333333333,542,,,500,0,,,0,,0,,,Juvenile,0,
2008-08-25,238,2008,10:01:00,,0,01:00:00,09:01:00,9.01666666666667,541,,,550,0,,,0,,0,,,Juvenile,0,
2008-08-25,238,2008,10:00:00,,0,01:00:00,09:00:00,9,540,,,600,0,,,0,,0,,,Juvenile,0,
2008-08-25,238,2008,09:58:00,,0,02:00:00,07:58:00,7.96666666666667,478,,,700,0,,,0,,0,,,Juvenile,0,
2008-08-25,238,2008,09:57:00,,0,02:00:00,07:57:00,7.95,477,,,800,0,,,0,,0,,,Juvenile,0,
2008-08-25,238,2008,09:55:00,,0,02:00:00,07:55:00,7.91666666666667,475,,,900,0,,,0,,0,,,Juvenile,0,
2008-08-26,239,2008,12:02:00,,72,23:00:00,-10:58:00,61.0333333333333,3662,,,0,0,,,0,,0,,,Juvenile,0,
2008-08-26,239,2008,12:04:00,,48,23:00:00,-10:56:00,37.0666666666667,2224,,,50,0,,,0,,0,,,Juvenile,0,
2008-08-26,239,2008,12:06:00,,0,00:00:00,12:06:00,12.1,726,,,100,0,,,0,,0,,,Juvenile,0,
2008-08-26,239,2008,12:08:00,,0,00:00:00,12:08:00,12.1333333333333,728,,,150,3,,,0.2,,0.000274725274725275,,,Juvenile,0.00182660134533962,
2008-08-26,239,2008,12:11:00,,0,01:00:00,11:11:00,11.1833333333333,671,,,200,2,,,0.133333333333333,,0.000198708395429707,,,Juvenile,0.00132117812161673,
2008-08-26,239,2008,12:14:00,,0,01:00:00,11:14:00,11.2333333333333,674,,,250,0,,,0,,0,,,Juvenile,0,
2008-08-26,239,2008,12:16:00,,0,01:00:00,11:16:00,11.2666666666667,676,,,300,3,,,0.2,,0.00029585798816568,,,Juvenile,0.00196710914113497,
2008-08-26,239,2008,12:20:00,,0,01:00:00,11:20:00,11.3333333333333,680,,,350,1,,,0.0666666666666667,,0.0000980392156862745,,,Juvenile,0.000651845970297668,
2008-08-26,239,2008,12:22:00,,0,02:00:00,10:22:00,10.3666666666667,622,,,400,0,,,0,,0,,,Juvenile,0,
2008-08-26,239,2008,12:24:00,,0,02:00:00,10:24:00,10.4,624,,,450,0,,,0,,0,,,Juvenile,0,
2008-08-26,239,2008,12:22:00,,0,02:00:00,10:22:00,10.3666666666667,622,,,500,0,,,0,,0,,,Juvenile,0,
2008-08-26,239,2008,12:21:00,,0,02:00:00,10:21:00,10.35,621,,,550,0,,,0,,0,,,Juvenile,0,
2008-08-26,239,2008,12:20:00,,0,02:00:00,10:20:00,10.3333333333333,620,,,600,0,,,0,,0,,,Juvenile,0,
2008-08-26,239,2008,12:19:00,,0,03:00:00,09:19:00,9.31666666666667,559,,,700,0,,,0,,0,,,Juvenile,0,
2008-08-26,239,2008,12:17:00,,0,03:00:00,09:17:00,9.28333333333333,557,,,800,0,,,0,,0,,,Juvenile,0,
2008-08-26,239,2008,12:15:00,,0,03:00:00,09:15:00,9.25,555,,,900,0,,,0,,0,,,Juvenile,0,
2008-08-27,240,2008,12:07:00,,24,17:00:00,-04:53:00,19.1166666666667,1147,,,0,0,,,0,,0,,,Juvenile,0,
2008-08-27,240,2008,12:09:00,,24,18:00:00,-05:51:00,18.15,1089,,,50,5,,,0.333333333333333,,0.000306091215182124,,,Juvenile,0.00203514811663184,
2008-08-27,240,2008,12:11:00,,24,18:00:00,-05:49:00,18.1833333333333,1091,,,100,0,,,0,,0,,,Juvenile,0,
2008-08-27,240,2008,12:13:00,,24,18:00:00,-05:47:00,18.2166666666667,1093,,,150,0,,,0,,0,,,Juvenile,0,
2008-08-27,240,2008,12:15:00,,0,02:00:00,10:15:00,10.25,615,,,200,13,,,0.866666666666667,,0.00140921409214092,,,Juvenile,0.00936962337793721,
2008-08-27,240,2008,12:18:00,,0,02:00:00,10:18:00,10.3,618,,,250,0,,,0,,0,,,Juvenile,0,
2008-08-27,240,2008,12:20:00,,0,02:00:00,10:20:00,10.3333333333333,620,,,300,0,,,0,,0,,,Juvenile,0,
2008-08-27,240,2008,12:22:00,,0,03:00:00,09:22:00,9.36666666666667,562,,,350,2,,,0.133333333333333,,0.000237247924080664,,,Juvenile,0.00157742085338937,
2008-08-27,240,2008,12:25:00,,0,03:00:00,09:25:00,9.41666666666667,565,,,400,0,,,0,,0,,,Juvenile,0,
2008-08-27,240,2008,12:27:00,,0,03:00:00,09:27:00,9.45,567,,,450,0,,,0,,0,,,Juvenile,0,
2008-08-27,240,2008,12:27:00,,0,03:00:00,09:27:00,9.45,567,,,500,0,,,0,,0,,,Juvenile,0,
2008-08-27,240,2008,12:26:00,,0,03:00:00,09:26:00,9.43333333333333,566,,,550,0,,,0,,0,,,Juvenile,0,
2008-08-27,240,2008,12:25:00,,0,04:00:00,08:25:00,8.41666666666667,505,,,600,0,,,0,,0,,,Juvenile,0,
2008-08-27,240,2008,12:23:00,,0,04:00:00,08:23:00,8.38333333333333,503,,,700,0,,,0,,0,,,Juvenile,0,
2008-08-27,240,2008,12:21:00,,0,04:00:00,08:21:00,8.35,501,,,800,0,,,0,,0,,,Juvenile,0,
2008-08-27,240,2008,12:18:00,,0,04:00:00,08:18:00,8.3,498,,,900,0,,,0,,0,,,Juvenile,0,
2008-08-28,241,2008,14:28:00,,24,18:00:00,-03:32:00,20.4666666666667,1228,,,0,0,,,0,,0,,,Juvenile,0,
2008-08-28,241,2008,14:26:00,,24,19:00:00,-04:34:00,19.4333333333333,1166,,,50,0,,,0,,0,,,Juvenile,0,
2008-08-28,241,2008,14:23:00,,24,19:00:00,-04:37:00,19.3833333333333,1163,,,100,0,,,0,,0,,,Juvenile,0,
2008-08-28,241,2008,14:21:00,,24,19:00:00,-04:39:00,19.35,1161,,,150,0,,,0,,0,,,Juvenile,0,
2008-08-28,241,2008,14:17:00,,0,03:00:00,11:17:00,11.2833333333333,677,,,200,3,,,0.2,,0.000295420974889217,,,Juvenile,0.00196420351463404,
2008-08-28,241,2008,14:14:00,,0,04:00:00,10:14:00,10.2333333333333,614,,,250,1,,,0.0666666666666667,,0.0001085776330076,,,Juvenile,0.000721914103912727,
2008-08-28,241,2008,14:13:00,,0,04:00:00,10:13:00,10.2166666666667,613,,,300,0,,,0,,0,,,Juvenile,0,
2008-08-28,241,2008,14:12:00,,0,04:00:00,10:12:00,10.2,612,,,350,0,,,0,,0,,,Juvenile,0,
2008-08-28,241,2008,14:11:00,,0,04:00:00,10:11:00,10.1833333333333,611,,,400,0,,,0,,0,,,Juvenile,0,
2008-08-28,241,2008,14:10:00,,0,04:00:00,10:10:00,10.1666666666667,610,,,450,0,,,0,,0,,,Juvenile,0,
2008-08-28,241,2008,14:08:00,,0,04:00:00,10:08:00,10.1333333333333,608,,,500,0,,,0,,0,,,Juvenile,0,
2008-08-28,241,2008,14:07:00,,0,05:00:00,09:07:00,9.11666666666667,547,,,550,0,,,0,,0,,,Juvenile,0,
2008-08-28,241,2008,14:06:00,,0,05:00:00,09:06:00,9.1,546,,,600,0,,,0,,0,,,Juvenile,0,
2008-08-28,241,2008,14:04:00,,0,05:00:00,09:04:00,9.06666666666667,544,,,700,0,,,0,,0,,,Juvenile,0,
2008-08-28,241,2008,14:02:00,,0,05:00:00,09:02:00,9.03333333333333,542,,,800,0,,,0,,0,,,Juvenile,0,
2008-08-28,241,2008,14:00:00,,0,06:00:00,08:00:00,8,480,,,900,0,,,0,,0,,,Juvenile,0,
2008-08-29,242,2008,14:13:00,,24,19:00:00,-04:47:00,19.2166666666667,1153,,,0,0,,,0,,0,,,Juvenile,0,
2008-08-29,242,2008,14:15:00,,24,19:00:00,-04:45:00,19.25,1155,,,50,0,,,0,,0,,,Juvenile,0,
2008-08-29,242,2008,14:17:00,,0,04:00:00,10:17:00,10.2833333333333,617,,,100,0,,,0,,0,,,Juvenile,0,
2008-08-29,242,2008,14:19:00,,0,04:00:00,10:19:00,10.3166666666667,619,,,150,1,,,0.0666666666666667,,0.000107700592353258,,,Juvenile,0.000716082810666259,
2008-08-29,242,2008,14:22:00,,0,05:00:00,09:22:00,9.36666666666667,562,,,200,1,,,0.0666666666666667,,0.000118623962040332,,,Juvenile,0.000788710426694687,
2008-08-29,242,2008,14:24:00,,0,05:00:00,09:24:00,9.4,564,,,250,0,,,0,,0,,,Juvenile,0,
2008-08-29,242,2008,14:26:00,,0,05:00:00,09:26:00,9.43333333333333,566,,,300,0,,,0,,0,,,Juvenile,0,
2008-08-29,242,2008,14:28:00,,0,05:00:00,09:28:00,9.46666666666667,568,,,350,0,,,0,,0,,,Juvenile,0,
2008-08-29,242,2008,14:30:00,,0,05:00:00,09:30:00,9.5,570,,,400,0,,,0,,0,,,Juvenile,0,
2008-08-29,242,2008,14:32:00,,0,05:00:00,09:32:00,9.53333333333333,572,,,450,0,,,0,,0,,,Juvenile,0,
2008-08-29,242,2008,14:34:00,,0,06:00:00,08:34:00,8.56666666666667,514,,,500,0,,,0,,0,,,Juvenile,0,
2008-08-29,242,2008,14:33:00,,0,06:00:00,08:33:00,8.55,513,,,550,0,,,0,,0,,,Juvenile,0,
2008-08-29,242,2008,14:32:00,,0,06:00:00,08:32:00,8.53333333333333,512,,,600,0,,,0,,0,,,Juvenile,0,
2008-08-29,242,2008,14:29:00,,0,06:00:00,08:29:00,8.48333333333333,509,,,700,0,,,0,,0,,,Juvenile,0,
2008-08-29,242,2008,14:27:00,,0,06:00:00,08:27:00,8.45,507,,,800,0,,,0,,0,,,Juvenile,0,
2008-08-29,242,2008,14:25:00,,0,07:00:00,07:25:00,7.41666666666667,445,,,900,0,,,0,,0,,,Juvenile,0,
2008-08-30,243,2008,15:50:00,,24,19:00:00,-03:10:00,20.8333333333333,1250,,,0,0,,,0,,0,,,Juvenile,0,
2008-08-30,243,2008,15:47:00,,24,20:00:00,-04:13:00,19.7833333333333,1187,,,50,0,,,0,,0,,,Juvenile,0,
2008-08-30,243,2008,15:45:00,,0,05:00:00,10:45:00,10.75,645,,,100,0,,,0,,0,,,Juvenile,0,
2008-08-30,243,2008,15:42:00,,0,05:00:00,10:42:00,10.7,642,,,150,0,,,0,,0,,,Juvenile,0,
2008-08-30,243,2008,15:40:00,,0,06:00:00,09:40:00,9.66666666666667,580,,,200,1,,,0.0666666666666667,,0.000114942528735632,,,Juvenile,0.000764233206555886,
2008-08-30,243,2008,15:37:00,,0,06:00:00,09:37:00,9.61666666666667,577,,,250,2,,,0.133333333333333,,0.000231080300404391,,,Juvenile,0.00153641337886452,
2008-08-30,243,2008,15:35:00,,0,06:00:00,09:35:00,9.58333333333333,575,,,300,1,,,0.0666666666666667,,0.000115942028985507,,,Juvenile,0.000770878712699851,
2008-08-30,243,2008,15:32:00,,0,06:00:00,09:32:00,9.53333333333333,572,,,350,0,,,0,,0,,,Juvenile,0,
2008-08-30,243,2008,15:30:00,,0,06:00:00,09:30:00,9.5,570,,,400,0,,,0,,0,,,Juvenile,0,
2008-08-30,243,2008,15:28:00,,0,06:00:00,09:28:00,9.46666666666667,568,,,450,0,,,0,,0,,,Juvenile,0,
2008-08-30,243,2008,15:26:00,,0,07:00:00,08:26:00,8.43333333333333,506,,,500,0,,,0,,0,,,Juvenile,0,
2008-08-30,243,2008,15:23:00,,0,07:00:00,08:23:00,8.38333333333333,503,,,550,0,,,0,,0,,,Juvenile,0,
2008-08-30,243,2008,15:21:00,,0,07:00:00,08:21:00,8.35,501,,,600,0,,,0,,0,,,Juvenile,0,
2008-08-30,243,2008,15:19:00,,0,07:00:00,08:19:00,8.31666666666667,499,,,700,0,,,0,,0,,,Juvenile,0,
2008-08-30,243,2008,15:17:00,,0,07:00:00,08:17:00,8.28333333333333,497,,,800,0,,,0,,0,,,Juvenile,0,
2008-08-30,243,2008,15:15:00,,0,08:00:00,07:15:00,7.25,435,,,900,0,,,0,,0,,,Juvenile,0,
2008-08-31,244,2008,09:41:00,,24,20:00:00,-10:19:00,13.6833333333333,821,,,0,0,,,0,,0,,,Juvenile,0,
2008-08-31,244,2008,09:39:00,,24,20:00:00,-10:21:00,13.65,819,,,50,0,,,0,,0,,,Juvenile,0,
2008-08-31,244,2008,09:38:00,,0,06:00:00,03:38:00,3.63333333333333,218,,,100,0,,,0,,0,,,Juvenile,0,
2008-08-31,244,2008,09:37:00,,0,06:00:00,03:37:00,3.61666666666667,217,,,150,0,,,0,,0,,,Juvenile,0,
2008-08-31,244,2008,09:35:00,,0,07:00:00,02:35:00,2.58333333333333,155,,,200,3,,,0.2,,0.00129032258064516,,,Juvenile,0.00857913406069189,
2008-08-31,244,2008,09:34:00,,0,07:00:00,02:34:00,2.56666666666667,154,,,250,0,,,0,,0,,,Juvenile,0,
2008-08-31,244,2008,09:33:00,,0,07:00:00,02:33:00,2.55,153,,,300,0,,,0,,0,,,Juvenile,0,
2008-08-31,244,2008,09:32:00,,0,07:00:00,02:32:00,2.53333333333333,152,,,350,0,,,0,,0,,,Juvenile,0,
2008-08-31,244,2008,09:30:00,,0,07:00:00,02:30:00,2.5,150,,,400,1,,,0.0666666666666667,,0.000444444444444444,,,Juvenile,0.00295503506534943,
2008-08-31,244,2008,09:28:00,,0,07:00:00,02:28:00,2.46666666666667,148,,,450,2,,,0.133333333333333,,0.000900900900900901,,,Juvenile,0.00598993594327587,
2008-08-31,244,2008,09:27:00,,0,07:00:00,02:27:00,2.45,147,,,500,1,,,0.0666666666666667,,0.000453514739229025,,,Juvenile,0.00301534190341778,
2008-08-31,244,2008,09:25:00,,0,08:00:00,01:25:00,1.41666666666667,85,,,550,1,,,0.0666666666666667,,0.000784313725490196,,,Juvenile,0.00521476776238134,
2008-08-31,244,2008,09:23:00,,0,08:00:00,01:23:00,1.38333333333333,83,,,600,1,,,0.0666666666666667,,0.000803212851405623,,,Juvenile,0.00534042481689656,
2008-08-31,244,2008,09:20:00,,0,08:00:00,01:20:00,1.33333333333333,80,,,700,0,,,0,,0,,,Juvenile,0,
2008-08-31,244,2008,09:19:00,,0,08:00:00,01:19:00,1.31666666666667,79,,,800,0,,,0,,0,,,Juvenile,0,
2008-08-31,244,2008,09:15:00,,0,09:00:00,00:15:00,0.25,15,,,900,0,,,0,,0,,,Juvenile,0,
2008-09-01,245,2008,09:07:00,,24,20:00:00,-10:53:00,13.1166666666667,787,,,0,0,,,0,,0,,,Juvenile,0,
2008-09-01,245,2008,09:09:00,,24,20:00:00,-10:51:00,13.15,789,,,50,6,,,0.4,,0.000506970849176172,,,Juvenile,0.00337076243195752,
2008-09-01,245,2008,09:11:00,,0,06:00:00,03:11:00,3.18333333333333,191,,,100,8,,,0.533333333333333,,0.00279232111692845,,,Juvenile,0.0185656653320383,
2008-09-01,245,2008,09:14:00,,0,06:00:00,03:14:00,3.23333333333333,194,,,150,2,,,0.133333333333333,,0.000687285223367697,,,Juvenile,0.00456964185363314,
2008-09-01,245,2008,09:16:00,,0,06:00:00,03:16:00,3.26666666666667,196,,,200,53,,,3.53333333333333,,0.0180272108843537,,,Juvenile,0.119859840660857,
2008-09-01,245,2008,09:19:00,,0,06:00:00,03:19:00,3.31666666666667,199,,,250,12,,,0.8,,0.00402010050251256,,,Juvenile,0.0267289603900953,
2008-09-01,245,2008,09:22:00,,0,07:00:00,02:22:00,2.36666666666667,142,,,300,5,,,0.333333333333333,,0.00234741784037559,,,Juvenile,0.0156075795705075,
2008-09-01,245,2008,09:28:00,,0,07:00:00,02:28:00,2.46666666666667,148,,,350,2,,,0.133333333333333,,0.000900900900900901,,,Juvenile,0.00598993594327587,
2008-09-01,245,2008,09:30:00,,0,07:00:00,02:30:00,2.5,150,,,400,1,,,0.0666666666666667,,0.000444444444444444,,,Juvenile,0.00295503506534943,
2008-09-01,245,2008,09:32:00,,0,07:00:00,02:32:00,2.53333333333333,152,,,450,2,,,0.133333333333333,,0.00087719298245614,,,Juvenile,0.00583230605003176,
2008-09-01,245,2008,09:34:00,,0,07:00:00,02:34:00,2.56666666666667,154,,,500,0,,,0,,0,,,Juvenile,0,
2008-09-01,245,2008,09:35:00,,0,08:00:00,01:35:00,1.58333333333333,95,,,550,1,,,0.0666666666666667,,0.000701754385964912,,,Juvenile,0.00466584484002541,
2008-09-01,245,2008,09:37:00,,0,08:00:00,01:37:00,1.61666666666667,97,,,600,0,,,0,,0,,,Juvenile,0,
2008-09-01,245,2008,09:39:00,,0,08:00:00,01:39:00,1.65,99,,,700,0,,,0,,0,,,Juvenile,0,
2008-09-01,245,2008,09:41:00,,0,08:00:00,01:41:00,1.68333333333333,101,,,800,0,,,0,,0,,,Juvenile,0,
2008-09-03,247,2008,11:49:00,,24,21:00:00,-09:11:00,14.8166666666667,889,,,0,4,,,0.266666666666667,,0.000299962504686914,,,Juvenile,0.00199439936918971,
2008-09-03,247,2008,11:52:00,,24,21:00:00,-09:08:00,14.8666666666667,892,,,50,10,,,0.666666666666667,,0.000747384155455904,,,Juvenile,0.00496922936998222,
2008-09-03,247,2008,11:56:00,,24,21:00:00,-09:04:00,14.9333333333333,896,,,100,18,,,1.2,,0.00133928571428571,,,Juvenile,0.00890468155853064,
2008-09-03,247,2008,12:00:00,,24,21:00:00,-09:00:00,15,900,,,150,10,,,0.666666666666667,,0.000740740740740741,,,Juvenile,0.00492505844224905,
2008-09-03,247,2008,12:04:00,,24,21:00:00,-08:56:00,15.0666666666667,904,,,200,45,,,3,,0.00331858407079646,,,Juvenile,0.0220646976671556,
2008-09-03,247,2008,12:11:00,,0,09:00:00,03:11:00,3.18333333333333,191,,,250,23,,,1.53333333333333,,0.00802792321116928,,,Juvenile,0.0533762878296101,
2008-09-03,247,2008,12:15:00,,0,09:00:00,03:15:00,3.25,195,,,300,9,,,0.6,,0.00307692307692308,,,Juvenile,0.0204579350678037,
2008-09-03,247,2008,12:19:00,,0,10:00:00,02:19:00,2.31666666666667,139,,,350,0,,,0,,0,,,Juvenile,0,
2008-09-03,247,2008,12:22:00,,0,10:00:00,02:22:00,2.36666666666667,142,,,400,0,,,0,,0,,,Juvenile,0,
2008-09-03,247,2008,12:24:00,,0,10:00:00,02:24:00,2.4,144,,,450,0,,,0,,0,,,Juvenile,0,
2008-09-03,247,2008,12:25:00,,0,10:00:00,02:25:00,2.41666666666667,145,,,500,0,,,0,,0,,,Juvenile,0,
2008-09-03,247,2008,12:27:00,,0,11:00:00,01:27:00,1.45,87,,,550,0,,,0,,0,,,Juvenile,0,
2008-09-03,247,2008,12:28:00,,0,11:00:00,01:28:00,1.46666666666667,88,,,600,0,,,0,,0,,,Juvenile,0,
2008-09-03,247,2008,12:30:00,,0,11:00:00,01:30:00,1.5,90,,,700,0,,,0,,0,,,Juvenile,0,
2008-09-03,247,2008,12:32:00,,0,11:00:00,01:32:00,1.53333333333333,92,,,800,0,,,0,,0,,,Juvenile,0,Brds foragaing nearby about 600
2008-09-03,247,2008,12:34:00,,0,12:00:00,00:34:00,0.566666666666667,34,,,900,0,,,0,,0,,,Juvenile,0,Brds foragaing nearby about 600
